#
# A fatal error has been detected by the Java Runtime Environment:
#
#  EXCEPTION_ACCESS_VIOLATION (0xc0000005) at pc=0x00007ffd80bbd05e, pid=22896, tid=13144
#
# JRE version: Java(TM) SE Runtime Environment (20.0.2+9) (build 20.0.2+9-78)
# Java VM: Java HotSpot(TM) 64-Bit Server VM (20.0.2+9-78, mixed mode, sharing, tiered, compressed oops, compressed class ptrs, g1 gc, windows-amd64)
# Problematic frame:
# V  [jvm.dll+0x31d05e]
#
# No core dump will be written. Minidumps are not enabled by default on client versions of Windows
#
# If you would like to submit a bug report, please visit:
#   https://bugreport.java.com/bugreport/crash.jsp
#

---------------  S U M M A R Y ------------

Command Line: -agentlib:jdwp=transport=dt_socket,server=n,address=59094 com.aza.api.ApiApplication

Host: 12th Gen Intel(R) Core(TM) i5-1235U, 12 cores, 11G,  Windows 11 , 64 bit Build 22621 (10.0.22621.3958)
Time: Tue Aug 27 23:44:48 2024 Hora est. Pacífico, Sudamérica elapsed time: 33484.998622 seconds (0d 9h 18m 4s)

---------------  T H R E A D  ---------------

Current thread (0x000001e568ca4540):  WorkerThread "GC Thread#8" [stack: 0x0000005a4d200000,0x0000005a4d300000] [id=13144]

Stack: [0x0000005a4d200000,0x0000005a4d300000],  sp=0x0000005a4d2fde50,  free space=1015k
Native frames: (J=compiled Java code, j=interpreted, Vv=VM code, C=native code)
V  [jvm.dll+0x31d05e]
V  [jvm.dll+0x3451da]
V  [jvm.dll+0x345102]
V  [jvm.dll+0x317b7d]
V  [jvm.dll+0x3175bd]
V  [jvm.dll+0x3f1ef5]
V  [jvm.dll+0x7f5ff6]
V  [jvm.dll+0x7ffb81]
V  [jvm.dll+0x36cd8a]
V  [jvm.dll+0x36ce44]
V  [jvm.dll+0x3494b3]
V  [jvm.dll+0x876b17]
V  [jvm.dll+0x7f5c76]
V  [jvm.dll+0x6baecb]
C  [ucrtbase.dll+0x29333]
C  [KERNEL32.DLL+0x1257d]
C  [ntdll.dll+0x5af28]

JavaThread 0x000001e56a409830 (nid = 10020) was being processed
Java frames: (J=compiled Java code, j=interpreted, Vv=VM code)
j  java.lang.invoke.LambdaForm$DMH+0x000001e501178000.invokeVirtual(Ljava/lang/Object;Ljava/lang/Object;Ljava/lang/Object;)Ljava/lang/Object;+11 java.base@20.0.2
J 60555 c1 java.lang.invoke.LambdaForm$MH+0x000001e501081400.invoke(Ljava/lang/Object;Ljava/lang/Object;Ljava/lang/Object;)Ljava/lang/Object; java.base@20.0.2 (56 bytes) @ 0x000001e54e6ac02c [0x000001e54e6aba80+0x00000000000005ac]
J 56239 c2 java.lang.reflect.Method.invoke(Ljava/lang/Object;[Ljava/lang/Object;)Ljava/lang/Object; java.base@20.0.2 (108 bytes) @ 0x000001e55632688c [0x000001e5563263a0+0x00000000000004ec]
j  org.springframework.web.method.support.InvocableHandlerMethod.doInvoke([Ljava/lang/Object;)Ljava/lang/Object;+29
j  org.springframework.web.method.support.InvocableHandlerMethod.invokeForRequest(Lorg/springframework/web/context/request/NativeWebRequest;Lorg/springframework/web/method/support/ModelAndViewContainer;[Ljava/lang/Object;)Ljava/lang/Object;+41
j  org.springframework.web.servlet.mvc.method.annotation.ServletInvocableHandlerMethod.invokeAndHandle(Lorg/springframework/web/context/request/ServletWebRequest;Lorg/springframework/web/method/support/ModelAndViewContainer;[Ljava/lang/Object;)V+4
j  org.springframework.web.servlet.mvc.method.annotation.RequestMappingHandlerAdapter.invokeHandlerMethod(Ljakarta/servlet/http/HttpServletRequest;Ljakarta/servlet/http/HttpServletResponse;Lorg/springframework/web/method/HandlerMethod;)Lorg/springframework/web/servlet/ModelAndView;+244
j  org.springframework.web.servlet.mvc.method.annotation.RequestMappingHandlerAdapter.handleInternal(Ljakarta/servlet/http/HttpServletRequest;Ljakarta/servlet/http/HttpServletResponse;Lorg/springframework/web/method/HandlerMethod;)Lorg/springframework/web/servlet/ModelAndView;+81
j  org.springframework.web.servlet.mvc.method.AbstractHandlerMethodAdapter.handle(Ljakarta/servlet/http/HttpServletRequest;Ljakarta/servlet/http/HttpServletResponse;Ljava/lang/Object;)Lorg/springframework/web/servlet/ModelAndView;+7
j  org.springframework.web.servlet.DispatcherServlet.doDispatch(Ljakarta/servlet/http/HttpServletRequest;Ljakarta/servlet/http/HttpServletResponse;)V+259
j  org.springframework.web.servlet.DispatcherServlet.doService(Ljakarta/servlet/http/HttpServletRequest;Ljakarta/servlet/http/HttpServletResponse;)V+242
j  org.springframework.web.servlet.FrameworkServlet.processRequest(Ljakarta/servlet/http/HttpServletRequest;Ljakarta/servlet/http/HttpServletResponse;)V+70
j  org.springframework.web.servlet.FrameworkServlet.doPost(Ljakarta/servlet/http/HttpServletRequest;Ljakarta/servlet/http/HttpServletResponse;)V+3
j  jakarta.servlet.http.HttpServlet.service(Ljakarta/servlet/http/HttpServletRequest;Ljakarta/servlet/http/HttpServletResponse;)V+150
j  org.springframework.web.servlet.FrameworkServlet.service(Ljakarta/servlet/http/HttpServletRequest;Ljakarta/servlet/http/HttpServletResponse;)V+20
j  jakarta.servlet.http.HttpServlet.service(Ljakarta/servlet/ServletRequest;Ljakarta/servlet/ServletResponse;)V+37
J 74508 c1 org.apache.catalina.core.ApplicationFilterChain.internalDoFilter(Ljakarta/servlet/ServletRequest;Ljakarta/servlet/ServletResponse;)V (391 bytes) @ 0x000001e54f027c0c [0x000001e54f027000+0x0000000000000c0c]
J 74507 c1 org.apache.catalina.core.ApplicationFilterChain.doFilter(Ljakarta/servlet/ServletRequest;Ljakarta/servlet/ServletResponse;)V (103 bytes) @ 0x000001e54ee47bd4 [0x000001e54ee47b20+0x00000000000000b4]
j  org.apache.tomcat.websocket.server.WsFilter.doFilter(Ljakarta/servlet/ServletRequest;Ljakarta/servlet/ServletResponse;Ljakarta/servlet/FilterChain;)V+21
J 74508 c1 org.apache.catalina.core.ApplicationFilterChain.internalDoFilter(Ljakarta/servlet/ServletRequest;Ljakarta/servlet/ServletResponse;)V (391 bytes) @ 0x000001e54f02741c [0x000001e54f027000+0x000000000000041c]
J 74507 c1 org.apache.catalina.core.ApplicationFilterChain.doFilter(Ljakarta/servlet/ServletRequest;Ljakarta/servlet/ServletResponse;)V (103 bytes) @ 0x000001e54ee47bd4 [0x000001e54ee47b20+0x00000000000000b4]
J 75028 c1 org.springframework.web.filter.OncePerRequestFilter.doFilter(Ljakarta/servlet/ServletRequest;Ljakarta/servlet/ServletResponse;Ljakarta/servlet/FilterChain;)V (178 bytes) @ 0x000001e54e4a9354 [0x000001e54e4a7760+0x0000000000001bf4]
J 74508 c1 org.apache.catalina.core.ApplicationFilterChain.internalDoFilter(Ljakarta/servlet/ServletRequest;Ljakarta/servlet/ServletResponse;)V (391 bytes) @ 0x000001e54f02741c [0x000001e54f027000+0x000000000000041c]
J 74507 c1 org.apache.catalina.core.ApplicationFilterChain.doFilter(Ljakarta/servlet/ServletRequest;Ljakarta/servlet/ServletResponse;)V (103 bytes) @ 0x000001e54ee47bd4 [0x000001e54ee47b20+0x00000000000000b4]
j  org.springframework.security.web.FilterChainProxy.lambda$doFilterInternal$3(Lorg/springframework/security/web/firewall/FirewalledRequest;Ljakarta/servlet/FilterChain;Ljakarta/servlet/ServletRequest;Ljakarta/servlet/ServletResponse;)V+35
j  org.springframework.security.web.FilterChainProxy$$Lambda$1401+0x000001e501880990.doFilter(Ljakarta/servlet/ServletRequest;Ljakarta/servlet/ServletResponse;)V+10
J 74786 c1 org.springframework.security.web.FilterChainProxy$VirtualFilterChain.doFilter(Ljakarta/servlet/ServletRequest;Ljakarta/servlet/ServletResponse;)V (111 bytes) @ 0x000001e54e01caa4 [0x000001e54e01c020+0x0000000000000a84]
j  org.springframework.security.web.access.intercept.AuthorizationFilter.doFilter(Ljakarta/servlet/ServletRequest;Ljakarta/servlet/ServletResponse;Ljakarta/servlet/FilterChain;)V+143
J 74786 c1 org.springframework.security.web.FilterChainProxy$VirtualFilterChain.doFilter(Ljakarta/servlet/ServletRequest;Ljakarta/servlet/ServletResponse;)V (111 bytes) @ 0x000001e54e01c9cc [0x000001e54e01c020+0x00000000000009ac]
j  org.springframework.security.web.access.ExceptionTranslationFilter.doFilter(Ljakarta/servlet/http/HttpServletRequest;Ljakarta/servlet/http/HttpServletResponse;Ljakarta/servlet/FilterChain;)V+3
j  org.springframework.security.web.access.ExceptionTranslationFilter.doFilter(Ljakarta/servlet/ServletRequest;Ljakarta/servlet/ServletResponse;Ljakarta/servlet/FilterChain;)V+10
J 74786 c1 org.springframework.security.web.FilterChainProxy$VirtualFilterChain.doFilter(Ljakarta/servlet/ServletRequest;Ljakarta/servlet/ServletResponse;)V (111 bytes) @ 0x000001e54e01c9cc [0x000001e54e01c020+0x00000000000009ac]
j  org.springframework.security.web.session.SessionManagementFilter.doFilter(Ljakarta/servlet/http/HttpServletRequest;Ljakarta/servlet/http/HttpServletResponse;Ljakarta/servlet/FilterChain;)V+228
j  org.springframework.security.web.session.SessionManagementFilter.doFilter(Ljakarta/servlet/ServletRequest;Ljakarta/servlet/ServletResponse;Ljakarta/servlet/FilterChain;)V+10
J 74786 c1 org.springframework.security.web.FilterChainProxy$VirtualFilterChain.doFilter(Ljakarta/servlet/ServletRequest;Ljakarta/servlet/ServletResponse;)V (111 bytes) @ 0x000001e54e01c9cc [0x000001e54e01c020+0x00000000000009ac]
j  org.springframework.security.web.authentication.AnonymousAuthenticationFilter.doFilter(Ljakarta/servlet/ServletRequest;Ljakarta/servlet/ServletResponse;Ljakarta/servlet/FilterChain;)V+33
J 74786 c1 org.springframework.security.web.FilterChainProxy$VirtualFilterChain.doFilter(Ljakarta/servlet/ServletRequest;Ljakarta/servlet/ServletResponse;)V (111 bytes) @ 0x000001e54e01c9cc [0x000001e54e01c020+0x00000000000009ac]
j  org.springframework.security.web.servletapi.SecurityContextHolderAwareRequestFilter.doFilter(Ljakarta/servlet/ServletRequest;Ljakarta/servlet/ServletResponse;Ljakarta/servlet/FilterChain;)V+19
J 74786 c1 org.springframework.security.web.FilterChainProxy$VirtualFilterChain.doFilter(Ljakarta/servlet/ServletRequest;Ljakarta/servlet/ServletResponse;)V (111 bytes) @ 0x000001e54e01c9cc [0x000001e54e01c020+0x00000000000009ac]
j  org.springframework.security.web.savedrequest.RequestCacheAwareFilter.doFilter(Ljakarta/servlet/ServletRequest;Ljakarta/servlet/ServletResponse;Ljakarta/servlet/FilterChain;)V+32
J 74786 c1 org.springframework.security.web.FilterChainProxy$VirtualFilterChain.doFilter(Ljakarta/servlet/ServletRequest;Ljakarta/servlet/ServletResponse;)V (111 bytes) @ 0x000001e54e01c9cc [0x000001e54e01c020+0x00000000000009ac]
j  com.aza.api.util.JwtAuthenticationFilter.doFilterInternal(Ljakarta/servlet/http/HttpServletRequest;Ljakarta/servlet/http/HttpServletResponse;Ljakarta/servlet/FilterChain;)V+123
J 75028 c1 org.springframework.web.filter.OncePerRequestFilter.doFilter(Ljakarta/servlet/ServletRequest;Ljakarta/servlet/ServletResponse;Ljakarta/servlet/FilterChain;)V (178 bytes) @ 0x000001e54e4a9024 [0x000001e54e4a7760+0x00000000000018c4]
J 74786 c1 org.springframework.security.web.FilterChainProxy$VirtualFilterChain.doFilter(Ljakarta/servlet/ServletRequest;Ljakarta/servlet/ServletResponse;)V (111 bytes) @ 0x000001e54e01c9cc [0x000001e54e01c020+0x00000000000009ac]
j  org.springframework.security.web.authentication.logout.LogoutFilter.doFilter(Ljakarta/servlet/http/HttpServletRequest;Ljakarta/servlet/http/HttpServletResponse;Ljakarta/servlet/FilterChain;)V+83
j  org.springframework.security.web.authentication.logout.LogoutFilter.doFilter(Ljakarta/servlet/ServletRequest;Ljakarta/servlet/ServletResponse;Ljakarta/servlet/FilterChain;)V+10
J 74786 c1 org.springframework.security.web.FilterChainProxy$VirtualFilterChain.doFilter(Ljakarta/servlet/ServletRequest;Ljakarta/servlet/ServletResponse;)V (111 bytes) @ 0x000001e54e01c9cc [0x000001e54e01c020+0x00000000000009ac]
j  org.springframework.security.web.header.HeaderWriterFilter.doHeadersAfter(Ljakarta/servlet/http/HttpServletRequest;Ljakarta/servlet/http/HttpServletResponse;Ljakarta/servlet/FilterChain;)V+29
j  org.springframework.security.web.header.HeaderWriterFilter.doFilterInternal(Ljakarta/servlet/http/HttpServletRequest;Ljakarta/servlet/http/HttpServletResponse;Ljakarta/servlet/FilterChain;)V+21
J 75028 c1 org.springframework.web.filter.OncePerRequestFilter.doFilter(Ljakarta/servlet/ServletRequest;Ljakarta/servlet/ServletResponse;Ljakarta/servlet/FilterChain;)V (178 bytes) @ 0x000001e54e4a9024 [0x000001e54e4a7760+0x00000000000018c4]
J 74786 c1 org.springframework.security.web.FilterChainProxy$VirtualFilterChain.doFilter(Ljakarta/servlet/ServletRequest;Ljakarta/servlet/ServletResponse;)V (111 bytes) @ 0x000001e54e01c9cc [0x000001e54e01c020+0x00000000000009ac]
j  org.springframework.security.web.context.SecurityContextHolderFilter.doFilter(Ljakarta/servlet/http/HttpServletRequest;Ljakarta/servlet/http/HttpServletResponse;Ljakarta/servlet/FilterChain;)V+59
j  org.springframework.security.web.context.SecurityContextHolderFilter.doFilter(Ljakarta/servlet/ServletRequest;Ljakarta/servlet/ServletResponse;Ljakarta/servlet/FilterChain;)V+10
J 74786 c1 org.springframework.security.web.FilterChainProxy$VirtualFilterChain.doFilter(Ljakarta/servlet/ServletRequest;Ljakarta/servlet/ServletResponse;)V (111 bytes) @ 0x000001e54e01c9cc [0x000001e54e01c020+0x00000000000009ac]
j  org.springframework.security.web.context.request.async.WebAsyncManagerIntegrationFilter.doFilterInternal(Ljakarta/servlet/http/HttpServletRequest;Ljakarta/servlet/http/HttpServletResponse;Ljakarta/servlet/FilterChain;)V+55
J 75028 c1 org.springframework.web.filter.OncePerRequestFilter.doFilter(Ljakarta/servlet/ServletRequest;Ljakarta/servlet/ServletResponse;Ljakarta/servlet/FilterChain;)V (178 bytes) @ 0x000001e54e4a9024 [0x000001e54e4a7760+0x00000000000018c4]
J 74786 c1 org.springframework.security.web.FilterChainProxy$VirtualFilterChain.doFilter(Ljakarta/servlet/ServletRequest;Ljakarta/servlet/ServletResponse;)V (111 bytes) @ 0x000001e54e01c9cc [0x000001e54e01c020+0x00000000000009ac]
j  org.springframework.security.web.session.DisableEncodeUrlFilter.doFilterInternal(Ljakarta/servlet/http/HttpServletRequest;Ljakarta/servlet/http/HttpServletResponse;Ljakarta/servlet/FilterChain;)V+10
J 75028 c1 org.springframework.web.filter.OncePerRequestFilter.doFilter(Ljakarta/servlet/ServletRequest;Ljakarta/servlet/ServletResponse;Ljakarta/servlet/FilterChain;)V (178 bytes) @ 0x000001e54e4a9024 [0x000001e54e4a7760+0x00000000000018c4]
J 74786 c1 org.springframework.security.web.FilterChainProxy$VirtualFilterChain.doFilter(Ljakarta/servlet/ServletRequest;Ljakarta/servlet/ServletResponse;)V (111 bytes) @ 0x000001e54e01c9cc [0x000001e54e01c020+0x00000000000009ac]
j  org.springframework.security.web.FilterChainProxy.doFilterInternal(Ljakarta/servlet/ServletRequest;Ljakarta/servlet/ServletResponse;Ljakarta/servlet/FilterChain;)V+163
j  org.springframework.security.web.FilterChainProxy.doFilter(Ljakarta/servlet/ServletRequest;Ljakarta/servlet/ServletResponse;Ljakarta/servlet/FilterChain;)V+48
j  org.springframework.web.filter.DelegatingFilterProxy.invokeDelegate(Ljakarta/servlet/Filter;Ljakarta/servlet/ServletRequest;Ljakarta/servlet/ServletResponse;Ljakarta/servlet/FilterChain;)V+5
j  org.springframework.web.filter.DelegatingFilterProxy.doFilter(Ljakarta/servlet/ServletRequest;Ljakarta/servlet/ServletResponse;Ljakarta/servlet/FilterChain;)V+85
J 74508 c1 org.apache.catalina.core.ApplicationFilterChain.internalDoFilter(Ljakarta/servlet/ServletRequest;Ljakarta/servlet/ServletResponse;)V (391 bytes) @ 0x000001e54f02741c [0x000001e54f027000+0x000000000000041c]
J 74507 c1 org.apache.catalina.core.ApplicationFilterChain.doFilter(Ljakarta/servlet/ServletRequest;Ljakarta/servlet/ServletResponse;)V (103 bytes) @ 0x000001e54ee47bd4 [0x000001e54ee47b20+0x00000000000000b4]
j  org.springframework.web.filter.RequestContextFilter.doFilterInternal(Ljakarta/servlet/http/HttpServletRequest;Ljakarta/servlet/http/HttpServletResponse;Ljakarta/servlet/FilterChain;)V+21
J 75028 c1 org.springframework.web.filter.OncePerRequestFilter.doFilter(Ljakarta/servlet/ServletRequest;Ljakarta/servlet/ServletResponse;Ljakarta/servlet/FilterChain;)V (178 bytes) @ 0x000001e54e4a9024 [0x000001e54e4a7760+0x00000000000018c4]
J 74508 c1 org.apache.catalina.core.ApplicationFilterChain.internalDoFilter(Ljakarta/servlet/ServletRequest;Ljakarta/servlet/ServletResponse;)V (391 bytes) @ 0x000001e54f02741c [0x000001e54f027000+0x000000000000041c]
J 74507 c1 org.apache.catalina.core.ApplicationFilterChain.doFilter(Ljakarta/servlet/ServletRequest;Ljakarta/servlet/ServletResponse;)V (103 bytes) @ 0x000001e54ee47bd4 [0x000001e54ee47b20+0x00000000000000b4]
j  org.springframework.web.filter.FormContentFilter.doFilterInternal(Ljakarta/servlet/http/HttpServletRequest;Ljakarta/servlet/http/HttpServletResponse;Ljakarta/servlet/FilterChain;)V+38
J 75028 c1 org.springframework.web.filter.OncePerRequestFilter.doFilter(Ljakarta/servlet/ServletRequest;Ljakarta/servlet/ServletResponse;Ljakarta/servlet/FilterChain;)V (178 bytes) @ 0x000001e54e4a9024 [0x000001e54e4a7760+0x00000000000018c4]
J 74508 c1 org.apache.catalina.core.ApplicationFilterChain.internalDoFilter(Ljakarta/servlet/ServletRequest;Ljakarta/servlet/ServletResponse;)V (391 bytes) @ 0x000001e54f02741c [0x000001e54f027000+0x000000000000041c]
J 74507 c1 org.apache.catalina.core.ApplicationFilterChain.doFilter(Ljakarta/servlet/ServletRequest;Ljakarta/servlet/ServletResponse;)V (103 bytes) @ 0x000001e54ee47bd4 [0x000001e54ee47b20+0x00000000000000b4]
j  org.springframework.web.filter.CharacterEncodingFilter.doFilterInternal(Ljakarta/servlet/http/HttpServletRequest;Ljakarta/servlet/http/HttpServletResponse;Ljakarta/servlet/FilterChain;)V+53
J 75028 c1 org.springframework.web.filter.OncePerRequestFilter.doFilter(Ljakarta/servlet/ServletRequest;Ljakarta/servlet/ServletResponse;Ljakarta/servlet/FilterChain;)V (178 bytes) @ 0x000001e54e4a9024 [0x000001e54e4a7760+0x00000000000018c4]
J 74508 c1 org.apache.catalina.core.ApplicationFilterChain.internalDoFilter(Ljakarta/servlet/ServletRequest;Ljakarta/servlet/ServletResponse;)V (391 bytes) @ 0x000001e54f02741c [0x000001e54f027000+0x000000000000041c]
J 74507 c1 org.apache.catalina.core.ApplicationFilterChain.doFilter(Ljakarta/servlet/ServletRequest;Ljakarta/servlet/ServletResponse;)V (103 bytes) @ 0x000001e54ee47bd4 [0x000001e54ee47b20+0x00000000000000b4]
j  org.apache.catalina.core.StandardWrapperValve.invoke(Lorg/apache/catalina/connector/Request;Lorg/apache/catalina/connector/Response;)V+514
j  org.apache.catalina.core.StandardContextValve.invoke(Lorg/apache/catalina/connector/Request;Lorg/apache/catalina/connector/Response;)V+169
j  org.apache.catalina.authenticator.AuthenticatorBase.invoke(Lorg/apache/catalina/connector/Request;Lorg/apache/catalina/connector/Response;)V+221
j  org.apache.catalina.core.StandardHostValve.invoke(Lorg/apache/catalina/connector/Request;Lorg/apache/catalina/connector/Response;)V+131
j  org.apache.catalina.valves.ErrorReportValve.invoke(Lorg/apache/catalina/connector/Request;Lorg/apache/catalina/connector/Response;)V+6
j  org.apache.catalina.core.StandardEngineValve.invoke(Lorg/apache/catalina/connector/Request;Lorg/apache/catalina/connector/Response;)V+59
j  org.apache.catalina.connector.CoyoteAdapter.service(Lorg/apache/coyote/Request;Lorg/apache/coyote/Response;)V+188
j  org.apache.coyote.http11.Http11Processor.service(Lorg/apache/tomcat/util/net/SocketWrapperBase;)Lorg/apache/tomcat/util/net/AbstractEndpoint$Handler$SocketState;+795
j  org.apache.coyote.AbstractProcessorLight.process(Lorg/apache/tomcat/util/net/SocketWrapperBase;Lorg/apache/tomcat/util/net/SocketEvent;)Lorg/apache/tomcat/util/net/AbstractEndpoint$Handler$SocketState;+155
j  org.apache.coyote.AbstractProtocol$ConnectionHandler.process(Lorg/apache/tomcat/util/net/SocketWrapperBase;Lorg/apache/tomcat/util/net/SocketEvent;)Lorg/apache/tomcat/util/net/AbstractEndpoint$Handler$SocketState;+482
j  org.apache.tomcat.util.net.NioEndpoint$SocketProcessor.doRun()V+249
j  org.apache.tomcat.util.net.SocketProcessorBase.run()V+32
j  org.apache.tomcat.util.threads.ThreadPoolExecutor.runWorker(Lorg/apache/tomcat/util/threads/ThreadPoolExecutor$Worker;)V+92
j  org.apache.tomcat.util.threads.ThreadPoolExecutor$Worker.run()V+5
j  org.apache.tomcat.util.threads.TaskThread$WrappingRunnable.run()V+4
J 32770 c1 java.lang.Thread.run()V java.base@20.0.2 (23 bytes) @ 0x000001e54db89584 [0x000001e54db89360+0x0000000000000224]
v  ~StubRoutines::call_stub 0x000001e554ee100d

siginfo: EXCEPTION_ACCESS_VIOLATION (0xc0000005), reading address 0x000001e6aa317eb0


Registers:
RAX=0x000001e55e0a0000, RBX=0x000001e54594ee00, RCX=0x000000000000000f, RDX=0x0000000000000001
RSP=0x0000005a4d2fde50, RBP=0x0000005a4d2fdff0, RSI=0x0000005a4d2fe1d0, RDI=0x0000000a613bf58f
R8 =0x000001e6aa317eb0, R9 =0x000001e5649e8038, R10=0x000001e554ee0000, R11=0x0000005a4d2fe078
R12=0x0000000000000000, R13=0x00000000000003d8, R14=0x0000000000000002, R15=0x000001e56860e2e0
RIP=0x00007ffd80bbd05e, EFLAGS=0x0000000000010206


Register to memory mapping:

RIP=0x00007ffd80bbd05e jvm.dll
RAX=0x000001e55e0a0000 points into unknown readable memory: 0x0000000000000001 | 01 00 00 00 00 00 00 00
RBX=0x000001e54594ee00 points into unknown readable memory: 0x00007ffd81222200 | 00 22 22 81 fd 7f 00 00
RCX=0x000000000000000f is an unknown value
RDX=0x0000000000000001 is an unknown value
RSP=0x0000005a4d2fde50 points into unknown readable memory: 0x0000005a4d2fe050 | 50 e0 2f 4d 5a 00 00 00
RBP=0x0000005a4d2fdff0 points into unknown readable memory: 0x000001e500017f58 | 58 7f 01 00 e5 01 00 00
RSI=0x0000005a4d2fe1d0 points into unknown readable memory: 0x0000005a4e5fac68 | 68 ac 5f 4e 5a 00 00 00
RDI=0x0000000a613bf58f is an unknown value
R8 =0x000001e6aa317eb0 is an unknown value
R9 =0x000001e5649e8038 is pointing into metadata
R10=0x000001e554ee0000 points into unknown readable memory: 0x0000000000000006 | 06 00 00 00 00 00 00 00
R11=0x0000005a4d2fe078 points into unknown readable memory: 0x00007ffd80bb75bd | bd 75 bb 80 fd 7f 00 00
R12=0x0 is NULL
R13=0x00000000000003d8 is an unknown value
R14=0x0000000000000002 is an unknown value
R15=0x000001e56860e2e0 points into unknown readable memory: 0x616a0024a9470002 | 02 00 47 a9 24 00 6a 61


Top of Stack: (sp=0x0000005a4d2fde50)
0x0000005a4d2fde50:   0000005a4d2fe050 00007ffd80fd5bd2
0x0000005a4d2fde60:   0000000744bf54d8 00000045b7626411
0x0000005a4d2fde70:   000001e56ae128e0 00007ffd80be51da
0x0000005a4d2fde80:   0000005a4e5fac78 00007ffd80fd5bd2
0x0000005a4d2fde90:   0000000000000000 0000005a4d2fe1d0
0x0000005a4d2fdea0:   0000000000000010 00007ffd80f4b289
0x0000005a4d2fdeb0:   000001e56ae128e0 00007ffd80be5102
0x0000005a4d2fdec0:   0000005a4d2fdf88 0000005a4e5fac78
0x0000005a4d2fded0:   000001e500480090 0000000000000000
0x0000005a4d2fdee0:   0000000000000004 00007ffd80bb7b7d
0x0000005a4d2fdef0:   000001e56ae12e90 0000000000000004
0x0000005a4d2fdf00:   000001e56ae12e90 0000005a4d2fe1d0
0x0000005a4d2fdf10:   0000000b6ae12801 000001e5649e8298
0x0000005a4d2fdf20:   000001e568ca4540 000001e50053f1c0
0x0000005a4d2fdf30:   000001e5687a7aa0 00000000000003d8
0x0000005a4d2fdf40:   000001e5687a7ab0 000001e5687a7e88
0x0000005a4d2fdf50:   000001e5649e828b 00007ffd000000b8
0x0000005a4d2fdf60:   000001e5649e8298 00007ffd8121dd00
0x0000005a4d2fdf70:   0000005a4d2fe1d0 000001e56ae12e90
0x0000005a4d2fdf80:   0000000400000003 000001e50053f1c0
0x0000005a4d2fdf90:   0000001300000001 0000000000000055
0x0000005a4d2fdfa0:   000000010000000c 000001e500480090
0x0000005a4d2fdfb0:   0000000000000000 000001e500000000
0x0000005a4d2fdfc0:   000001e5558a53c0 0000000000000000
0x0000005a4d2fdfd0:   000001e56ae128e0 00007ffd80be51da
0x0000005a4d2fdfe0:   0000000744bf5348 00007ffd809d964a
0x0000005a4d2fdff0:   000001e500017f58 000000064d2f0013
0x0000005a4d2fe000:   0000b5e500000000 0000000000000015
0x0000005a4d2fe010:   000001e56ae128e0 00007ffd80be5102
0x0000005a4d2fe020:   0000000000000000 0000000744bf5348
0x0000005a4d2fe030:   0000b5e5551307b5 000001e5687a7e88
0x0000005a4d2fe040:   0000000000000000 000001e56ae12e90 

Instructions: (pc=0x00007ffd80bbd05e)
0x00007ffd80bbcf5e:   38 f0 4c 0f c1 04 c8 48 c7 42 08 00 00 00 00 44
0x00007ffd80bbcf6e:   89 12 49 ff 41 58 4c 01 5a 08 e9 49 ff ff ff 49
0x00007ffd80bbcf7e:   ff 41 50 4c 01 5a 08 e9 3c ff ff ff cc cc cc cc
0x00007ffd80bbcf8e:   cc cc 48 89 5c 24 08 57 48 83 ec 20 48 8b 01 48
0x00007ffd80bbcf9e:   8b fa 48 8b d9 ff 50 08 4c 8b c8 48 85 c0 74 66
0x00007ffd80bbcfae:   4c 8b 40 10 4c 2b 00 48 c7 40 28 00 00 00 00 4c
0x00007ffd80bbcfbe:   89 43 18 48 8b 50 10 48 8b 48 08 48 8b c7 48 2b
0x00007ffd80bbcfce:   ca 48 c1 e9 03 48 3b cf 48 0f 42 c1 48 3b c7 72
0x00007ffd80bbcfde:   1e 48 8d 04 c2 49 89 41 10 90 ff 43 10 48 8b c2
0x00007ffd80bbcfee:   4c 89 4b 08 48 8b 5c 24 30 48 83 c4 20 5f c3 33
0x00007ffd80bbcffe:   d2 90 ff 43 10 8b c2 4c 89 4b 08 48 8b 5c 24 30
0x00007ffd80bbd00e:   48 83 c4 20 5f c3 48 8b 5c 24 30 48 83 c4 20 5f
0x00007ffd80bbd01e:   c3 cc 48 89 5c 24 08 57 48 83 ec 20 48 8b 01 48
0x00007ffd80bbd02e:   8b fa 48 8b d9 ff 10 48 2b 7b 08 8b 4b 18 48 8b
0x00007ffd80bbd03e:   43 20 48 c1 ef 03 48 d3 ef 40 0f b6 cf 48 8b d7
0x00007ffd80bbd04e:   48 c1 ea 06 80 e1 3f 4c 8d 04 d0 ba 01 00 00 00
0x00007ffd80bbd05e:   49 8b 00 48 d3 e2 48 8b c8 48 0b ca 48 3b c8 74
0x00007ffd80bbd06e:   13 90 f0 49 0f b1 08 74 18 48 8b c8 48 0b ca 48
0x00007ffd80bbd07e:   3b c8 75 ee 32 c0 48 8b 5c 24 30 48 83 c4 20 5f
0x00007ffd80bbd08e:   c3 48 8b 5c 24 30 b0 01 48 83 c4 20 5f c3 cc cc
0x00007ffd80bbd09e:   cc cc 48 89 5c 24 08 57 48 83 ec 20 4c 8b 41 30
0x00007ffd80bbd0ae:   48 8b da 48 8b f9 45 8b 88 80 00 00 00 41 8b 80
0x00007ffd80bbd0be:   00 01 00 00 41 8b d1 2b d0 81 e2 ff ff 01 00 81
0x00007ffd80bbd0ce:   fa fe ff 01 00 73 26 49 8b 80 80 01 00 00 4a 89
0x00007ffd80bbd0de:   1c c8 41 8d 41 01 25 ff ff 01 00 41 89 80 80 00
0x00007ffd80bbd0ee:   00 00 48 8b 5c 24 30 48 83 c4 20 5f c3 e8 90 9d
0x00007ffd80bbd0fe:   01 00 48 8b 57 30 44 8b 82 80 00 00 00 8b 82 00
0x00007ffd80bbd10e:   01 00 00 41 8b c8 2b c8 81 e1 ff ff 01 00 81 f9
0x00007ffd80bbd11e:   fe ff 01 00 73 1a 48 8b 82 80 01 00 00 4a 89 1c
0x00007ffd80bbd12e:   c0 41 8d 40 01 25 ff ff 01 00 89 82 80 00 00 00
0x00007ffd80bbd13e:   48 8b 5c 24 30 48 83 c4 20 5f c3 cc cc cc cc cc
0x00007ffd80bbd14e:   cc cc 48 89 5c 24 08 57 48 83 ec 20 48 8b 79 08 


Stack slot to memory mapping:
stack at sp + 0 slots: 0x0000005a4d2fe050 points into unknown readable memory: 0x00000000000003d8 | d8 03 00 00 00 00 00 00
stack at sp + 1 slots: 0x00007ffd80fd5bd2 jvm.dll
stack at sp + 2 slots: 0x0000000744bf54d8 is an oop: java.util.concurrent.ThreadPoolExecutor$Worker 
{0x0000000744bf54d8} - klass: 'java/util/concurrent/ThreadPoolExecutor$Worker'
 - ---- fields (total size 6 words):
 - private transient 'exclusiveOwnerThread' 'Ljava/lang/Thread;' @12  a 'java/lang/Thread'{0x0000000744bf5348} (0xe897ea69)
 - private volatile 'state' 'I' @16  1 (0x00000001)
 - private volatile transient 'head' 'Ljava/util/concurrent/locks/AbstractQueuedSynchronizer$Node;' @20  NULL (0x00000000)
 - private volatile transient 'tail' 'Ljava/util/concurrent/locks/AbstractQueuedSynchronizer$Node;' @24  NULL (0x00000000)
 - final 'thread' 'Ljava/lang/Thread;' @28  a 'java/lang/Thread'{0x0000000744bf5348} (0xe897ea69)
 - volatile 'completedTasks' 'J' @32  0 (0x0000000000000000)
 - 'firstTask' 'Ljava/lang/Runnable;' @40  NULL (0x00000000)
 - final synthetic 'this$0' 'Ljava/util/concurrent/ThreadPoolExecutor;' @44  a 'java/util/concurrent/ThreadPoolExecutor'{0x0000000744bf5488} (0xe897ea91)
stack at sp + 3 slots: 0x00000045b7626411 is an unknown value
stack at sp + 4 slots: 0x000001e56ae128e0 points into unknown readable memory: 0x0000005a4b8fede0 | e0 ed 8f 4b 5a 00 00 00
stack at sp + 5 slots: 0x00007ffd80be51da jvm.dll
stack at sp + 6 slots: 0x0000005a4e5fac78 is pointing into the stack for thread: 0x000001e56a409830
stack at sp + 7 slots: 0x00007ffd80fd5bd2 jvm.dll


---------------  P R O C E S S  ---------------

Threads class SMR info:
_java_thread_list=0x000001e56db1c9c0, length=19, elements={
0x000001e563bd6f40, 0x000001e563bd7d40, 0x000001e563bdbe40, 0x000001e563bdf8d0,
0x000001e563be0210, 0x000001e563be1820, 0x000001e563be2490, 0x000001e563be3e20,
0x000001e568115500, 0x000001e568118770, 0x000001e56811e4c0, 0x000001e568126530,
0x000001e5681354b0, 0x000001e56b4399f0, 0x000001e56ce822c0, 0x000001e56b6a52a0,
0x000001e571a97e30, 0x000001e56a409830, 0x000001e56b6a8d10
}

Java Threads: ( => current thread )
  0x000001e563bd6f40 JavaThread "Reference Handler" daemon [_thread_blocked, id=31524, stack(0x0000005a4b900000,0x0000005a4ba00000)]
  0x000001e563bd7d40 JavaThread "Finalizer" daemon [_thread_blocked, id=14616, stack(0x0000005a4ba00000,0x0000005a4bb00000)]
  0x000001e563bdbe40 JavaThread "Signal Dispatcher" daemon [_thread_blocked, id=24768, stack(0x0000005a4bb00000,0x0000005a4bc00000)]
  0x000001e563bdf8d0 JavaThread "Attach Listener" daemon [_thread_blocked, id=31768, stack(0x0000005a4bc00000,0x0000005a4bd00000)]
  0x000001e563be0210 JavaThread "Service Thread" daemon [_thread_blocked, id=18960, stack(0x0000005a4bd00000,0x0000005a4be00000)]
  0x000001e563be1820 JavaThread "Monitor Deflation Thread" daemon [_thread_blocked, id=32024, stack(0x0000005a4be00000,0x0000005a4bf00000)]
  0x000001e563be2490 JavaThread "C2 CompilerThread0" daemon [_thread_blocked, id=19696, stack(0x0000005a4bf00000,0x0000005a4c000000)]
  0x000001e563be3e20 JavaThread "C1 CompilerThread0" daemon [_thread_blocked, id=13156, stack(0x0000005a4c000000,0x0000005a4c100000)]
  0x000001e568115500 JavaThread "JDWP Transport Listener: dt_socket" daemon [_thread_blocked, id=17184, stack(0x0000005a4c100000,0x0000005a4c200000)]
  0x000001e568118770 JavaThread "JDWP Event Helper Thread" daemon [_thread_blocked, id=17072, stack(0x0000005a4c200000,0x0000005a4c300000)]
  0x000001e56811e4c0 JavaThread "JDWP Command Reader" daemon [_thread_in_native, id=30244, stack(0x0000005a4c300000,0x0000005a4c400000)]
  0x000001e568126530 JavaThread "Notification Thread" daemon [_thread_blocked, id=36400, stack(0x0000005a4c400000,0x0000005a4c500000)]
  0x000001e5681354b0 JavaThread "Common-Cleaner" daemon [_thread_blocked, id=17932, stack(0x0000005a4c600000,0x0000005a4c700000)]
  0x000001e56b4399f0 JavaThread "mysql-cj-abandoned-connection-cleanup" daemon [_thread_blocked, id=9508, stack(0x0000005a4d600000,0x0000005a4d700000)]
  0x000001e56ce822c0 JavaThread "DestroyJavaVM" [_thread_blocked, id=32220, stack(0x0000005a4b200000,0x0000005a4b300000)]
  0x000001e56b6a52a0 JavaThread "Live Reload Server" daemon [_thread_in_native, id=22796, stack(0x0000005a4dd00000,0x0000005a4de00000)]
  0x000001e571a97e30 JavaThread "PostgreSQL-JDBC-Cleaner" daemon [_thread_blocked, id=6884, stack(0x0000005a4c900000,0x0000005a4ca00000)]
  0x000001e56a409830 JavaThread "http-nio-8011-exec-7" daemon [_thread_blocked, id=10020, stack(0x0000005a4e500000,0x0000005a4e600000)]
  0x000001e56b6a8d10 JavaThread "Thread-59" [_thread_blocked, id=20572, stack(0x0000005a4af00000,0x0000005a4b000000)]

Other Threads:
  0x000001e563bb6b20 VMThread "VM Thread" [stack: 0x0000005a4b800000,0x0000005a4b900000] [id=32872]
  0x000001e568124cc0 WatcherThread "VM Periodic Task Thread" [stack: 0x0000005a4c500000,0x0000005a4c600000] [id=34328]
  0x000001e54594e7d0 WorkerThread "GC Thread#0" [stack: 0x0000005a4b300000,0x0000005a4b400000] [id=24496]
  0x000001e568c6d760 WorkerThread "GC Thread#1" [stack: 0x0000005a4cb00000,0x0000005a4cc00000] [id=9828]
  0x000001e568c918f0 WorkerThread "GC Thread#2" [stack: 0x0000005a4cc00000,0x0000005a4cd00000] [id=28552]
  0x000001e568ca5e90 WorkerThread "GC Thread#3" [stack: 0x0000005a4cd00000,0x0000005a4ce00000] [id=4864]
  0x000001e568ca4db0 WorkerThread "GC Thread#4" [stack: 0x0000005a4ce00000,0x0000005a4cf00000] [id=19108]
  0x000001e568ca4270 WorkerThread "GC Thread#5" [stack: 0x0000005a4cf00000,0x0000005a4d000000] [id=19620]
  0x000001e568ca5080 WorkerThread "GC Thread#6" [stack: 0x0000005a4d000000,0x0000005a4d100000] [id=4492]
  0x000001e568ca5350 WorkerThread "GC Thread#7" [stack: 0x0000005a4d100000,0x0000005a4d200000] [id=26400]
=>0x000001e568ca4540 WorkerThread "GC Thread#8" [stack: 0x0000005a4d200000,0x0000005a4d300000] [id=13144]
  0x000001e568ca4810 WorkerThread "GC Thread#9" [stack: 0x0000005a4d300000,0x0000005a4d400000] [id=22108]
  0x000001e54595c270 ConcurrentGCThread "G1 Main Marker" [stack: 0x0000005a4b400000,0x0000005a4b500000] [id=20944]
  0x000001e54595cca0 WorkerThread "G1 Conc#0" [stack: 0x0000005a4b500000,0x0000005a4b600000] [id=18552]
  0x000001e56943cf60 WorkerThread "G1 Conc#1" [stack: 0x0000005a4d400000,0x0000005a4d500000] [id=26240]
  0x000001e56943cc90 WorkerThread "G1 Conc#2" [stack: 0x0000005a4d500000,0x0000005a4d600000] [id=8888]
  0x000001e54599ec60 ConcurrentGCThread "G1 Refine#0" [stack: 0x0000005a4b600000,0x0000005a4b700000] [id=24640]
  0x000001e563a74400 ConcurrentGCThread "G1 Service" [stack: 0x0000005a4b700000,0x0000005a4b800000] [id=35196]

Threads with active compile tasks:

VM state: at safepoint (normal execution)

VM Mutex/Monitor currently owned by a thread:  ([mutex/lock_event])
[0x000001e5458eb480] Threads_lock - owner thread: 0x000001e563bb6b20
[0x000001e5458eb5a0] Heap_lock - owner thread: 0x000001e56b6a8d10

Heap address: 0x0000000744800000, size: 3000 MB, Compressed Oops mode: Zero based, Oop shift amount: 3

CDS archive(s) mapped at: [0x000001e500000000-0x000001e500c60000-0x000001e500c60000), size 12976128, SharedBaseAddress: 0x000001e500000000, ArchiveRelocationMode: 1.
Compressed class space mapped at: 0x000001e501000000-0x000001e541000000, reserved size: 1073741824
Narrow klass base: 0x000001e500000000, Narrow klass shift: 0, Narrow klass range: 0x100000000

GC Precious Log:
 CardTable entry size: 512
 Card Set container configuration: InlinePtr #cards 4 size 8 Array Of Cards #cards 16 size 48 Howl #buckets 8 coarsen threshold 3686 Howl Bitmap #cards 512 size 80 coarsen threshold 460 Card regions per heap region 1 cards per card region 4096
 CPUs: 12 total, 12 available
 Memory: 11992M
 Large Page Support: Disabled
 NUMA Support: Disabled
 Compressed Oops: Enabled (Zero based)
 Heap Region Size: 2M
 Heap Min Capacity: 8M
 Heap Initial Capacity: 188M
 Heap Max Capacity: 3000M
 Pre-touch: Disabled
 Parallel Workers: 10
 Concurrent Workers: 3
 Concurrent Refinement Workers: 10
 Periodic GC: Disabled

Heap:
 garbage-first heap   total 331776K, used 283515K [0x0000000744800000, 0x0000000800000000)
  region size 2048K, 69 young (141312K), 5 survivors (10240K)
 Metaspace       used 136772K, committed 139392K, reserved 1179648K
  class space    used 14986K, committed 16384K, reserved 1048576K

Heap Regions: E=young(eden), S=young(survivor), O=old, HS=humongous(starts), HC=humongous(continues), CS=collection set, F=free, OA=open archive, CA=closed archive, TAMS=top-at-mark-start, PB=parsable bottom
|   0|0x0000000744800000, 0x00000007449fffe0, 0x0000000744a00000| 99%| O|  |TAMS 0x0000000744800000| PB 0x0000000744800000| Untracked 
|   1|0x0000000744a00000, 0x0000000744c00000, 0x0000000744c00000|100%| O|  |TAMS 0x0000000744a00000| PB 0x0000000744a00000| Untracked 
|   2|0x0000000744c00000, 0x0000000744e00000, 0x0000000744e00000|100%| O|  |TAMS 0x0000000744c00000| PB 0x0000000744c00000| Untracked 
|   3|0x0000000744e00000, 0x0000000744ffffe8, 0x0000000745000000| 99%| O|  |TAMS 0x0000000744e00000| PB 0x0000000744e00000| Untracked 
|   4|0x0000000745000000, 0x00000007451fffa8, 0x0000000745200000| 99%| O|  |TAMS 0x0000000745000000| PB 0x0000000745000000| Untracked 
|   5|0x0000000745200000, 0x00000007453ffff8, 0x0000000745400000| 99%| O|  |TAMS 0x0000000745200000| PB 0x0000000745200000| Untracked 
|   6|0x0000000745400000, 0x0000000745600000, 0x0000000745600000|100%| O|  |TAMS 0x0000000745400000| PB 0x0000000745400000| Untracked 
|   7|0x0000000745600000, 0x00000007457fffd8, 0x0000000745800000| 99%| O|  |TAMS 0x0000000745600000| PB 0x0000000745600000| Untracked 
|   8|0x0000000745800000, 0x00000007459fffe8, 0x0000000745a00000| 99%| O|  |TAMS 0x0000000745800000| PB 0x0000000745800000| Untracked 
|   9|0x0000000745a00000, 0x0000000745c00000, 0x0000000745c00000|100%| O|  |TAMS 0x0000000745a00000| PB 0x0000000745a00000| Untracked 
|  10|0x0000000745c00000, 0x0000000745dfffb0, 0x0000000745e00000| 99%| O|  |TAMS 0x0000000745c00000| PB 0x0000000745c00000| Untracked 
|  11|0x0000000745e00000, 0x0000000745ffffc8, 0x0000000746000000| 99%| O|  |TAMS 0x0000000745e00000| PB 0x0000000745e00000| Untracked 
|  12|0x0000000746000000, 0x00000007461fffc8, 0x0000000746200000| 99%| O|  |TAMS 0x0000000746000000| PB 0x0000000746000000| Untracked 
|  13|0x0000000746200000, 0x00000007463fffe0, 0x0000000746400000| 99%| O|  |TAMS 0x0000000746200000| PB 0x0000000746200000| Untracked 
|  14|0x0000000746400000, 0x00000007465ffff0, 0x0000000746600000| 99%| O|  |TAMS 0x0000000746400000| PB 0x0000000746400000| Untracked 
|  15|0x0000000746600000, 0x00000007467ffbd8, 0x0000000746800000| 99%| O|  |TAMS 0x0000000746600000| PB 0x0000000746600000| Untracked 
|  16|0x0000000746800000, 0x0000000746a00000, 0x0000000746a00000|100%| O|  |TAMS 0x0000000746800000| PB 0x0000000746800000| Untracked 
|  17|0x0000000746a00000, 0x0000000746bfffa8, 0x0000000746c00000| 99%| O|  |TAMS 0x0000000746a00000| PB 0x0000000746a00000| Untracked 
|  18|0x0000000746c00000, 0x0000000746dffff0, 0x0000000746e00000| 99%| O|  |TAMS 0x0000000746c00000| PB 0x0000000746c00000| Untracked 
|  19|0x0000000746e00000, 0x0000000746ffffe8, 0x0000000747000000| 99%| O|  |TAMS 0x0000000746e00000| PB 0x0000000746e00000| Untracked 
|  20|0x0000000747000000, 0x00000007471fffe8, 0x0000000747200000| 99%| O|  |TAMS 0x0000000747000000| PB 0x0000000747000000| Untracked 
|  21|0x0000000747200000, 0x00000007473ffff8, 0x0000000747400000| 99%| O|  |TAMS 0x0000000747200000| PB 0x0000000747200000| Untracked 
|  22|0x0000000747400000, 0x00000007475fffd0, 0x0000000747600000| 99%| O|  |TAMS 0x0000000747400000| PB 0x0000000747400000| Untracked 
|  23|0x0000000747600000, 0x00000007477fffe0, 0x0000000747800000| 99%| O|  |TAMS 0x0000000747600000| PB 0x0000000747600000| Untracked 
|  24|0x0000000747800000, 0x00000007479fffd8, 0x0000000747a00000| 99%| O|  |TAMS 0x0000000747800000| PB 0x0000000747800000| Untracked 
|  25|0x0000000747a00000, 0x0000000747c00000, 0x0000000747c00000|100%| O|  |TAMS 0x0000000747a00000| PB 0x0000000747a00000| Untracked 
|  26|0x0000000747c00000, 0x0000000747dfffe8, 0x0000000747e00000| 99%| O|  |TAMS 0x0000000747c00000| PB 0x0000000747c00000| Untracked 
|  27|0x0000000747e00000, 0x0000000747ffffd8, 0x0000000748000000| 99%| O|  |TAMS 0x0000000747e00000| PB 0x0000000747e00000| Untracked 
|  28|0x0000000748000000, 0x0000000748200000, 0x0000000748200000|100%| O|  |TAMS 0x0000000748000000| PB 0x0000000748000000| Untracked 
|  29|0x0000000748200000, 0x00000007483ffff8, 0x0000000748400000| 99%| O|  |TAMS 0x0000000748200000| PB 0x0000000748200000| Untracked 
|  30|0x0000000748400000, 0x00000007485ffff8, 0x0000000748600000| 99%| O|  |TAMS 0x0000000748400000| PB 0x0000000748400000| Untracked 
|  31|0x0000000748600000, 0x00000007487ffff0, 0x0000000748800000| 99%| O|  |TAMS 0x0000000748600000| PB 0x0000000748600000| Untracked 
|  32|0x0000000748800000, 0x00000007489fff28, 0x0000000748a00000| 99%| O|  |TAMS 0x0000000748800000| PB 0x0000000748800000| Untracked 
|  33|0x0000000748a00000, 0x0000000748bffff0, 0x0000000748c00000| 99%| O|  |TAMS 0x0000000748a00000| PB 0x0000000748a00000| Untracked 
|  34|0x0000000748c00000, 0x0000000748dffff8, 0x0000000748e00000| 99%| O|  |TAMS 0x0000000748c00000| PB 0x0000000748c00000| Untracked 
|  35|0x0000000748e00000, 0x0000000748fffff0, 0x0000000749000000| 99%| O|  |TAMS 0x0000000748e00000| PB 0x0000000748e00000| Untracked 
|  36|0x0000000749000000, 0x0000000749200000, 0x0000000749200000|100%| O|  |TAMS 0x0000000749000000| PB 0x0000000749000000| Untracked 
|  37|0x0000000749200000, 0x00000007493fffb8, 0x0000000749400000| 99%| O|  |TAMS 0x0000000749200000| PB 0x0000000749200000| Untracked 
|  38|0x0000000749400000, 0x00000007495fffe0, 0x0000000749600000| 99%| O|  |TAMS 0x0000000749400000| PB 0x0000000749400000| Untracked 
|  39|0x0000000749600000, 0x00000007497ffff0, 0x0000000749800000| 99%| O|  |TAMS 0x0000000749600000| PB 0x0000000749600000| Untracked 
|  40|0x0000000749800000, 0x00000007499ffff0, 0x0000000749a00000| 99%| O|  |TAMS 0x0000000749800000| PB 0x0000000749800000| Untracked 
|  41|0x0000000749a00000, 0x0000000749bffff0, 0x0000000749c00000| 99%| O|  |TAMS 0x0000000749a00000| PB 0x0000000749a00000| Untracked 
|  42|0x0000000749c00000, 0x0000000749dffff8, 0x0000000749e00000| 99%| O|  |TAMS 0x0000000749c00000| PB 0x0000000749c00000| Untracked 
|  43|0x0000000749e00000, 0x0000000749ffffe0, 0x000000074a000000| 99%| O|  |TAMS 0x0000000749e00000| PB 0x0000000749e00000| Untracked 
|  44|0x000000074a000000, 0x000000074a200000, 0x000000074a200000|100%| O|  |TAMS 0x000000074a000000| PB 0x000000074a000000| Untracked 
|  45|0x000000074a200000, 0x000000074a3fffd8, 0x000000074a400000| 99%| O|  |TAMS 0x000000074a200000| PB 0x000000074a200000| Untracked 
|  46|0x000000074a400000, 0x000000074a5ffff8, 0x000000074a600000| 99%| O|  |TAMS 0x000000074a400000| PB 0x000000074a400000| Untracked 
|  47|0x000000074a600000, 0x000000074a800000, 0x000000074a800000|100%| O|  |TAMS 0x000000074a600000| PB 0x000000074a600000| Untracked 
|  48|0x000000074a800000, 0x000000074aa00000, 0x000000074aa00000|100%| O|  |TAMS 0x000000074a800000| PB 0x000000074a800000| Untracked 
|  49|0x000000074aa00000, 0x000000074abfffe0, 0x000000074ac00000| 99%| O|  |TAMS 0x000000074aa00000| PB 0x000000074aa00000| Untracked 
|  50|0x000000074ac00000, 0x000000074adfffd8, 0x000000074ae00000| 99%| O|  |TAMS 0x000000074ac00000| PB 0x000000074ac00000| Untracked 
|  51|0x000000074ae00000, 0x000000074afffff0, 0x000000074b000000| 99%| O|  |TAMS 0x000000074ae00000| PB 0x000000074ae00000| Untracked 
|  52|0x000000074b000000, 0x000000074b1fffc0, 0x000000074b200000| 99%| O|  |TAMS 0x000000074b000000| PB 0x000000074b000000| Untracked 
|  53|0x000000074b200000, 0x000000074b400000, 0x000000074b400000|100%| O|  |TAMS 0x000000074b200000| PB 0x000000074b200000| Untracked 
|  54|0x000000074b400000, 0x000000074b5ffff8, 0x000000074b600000| 99%| O|  |TAMS 0x000000074b400000| PB 0x000000074b400000| Untracked 
|  55|0x000000074b600000, 0x000000074b7fffe8, 0x000000074b800000| 99%| O|  |TAMS 0x000000074b600000| PB 0x000000074b600000| Untracked 
|  56|0x000000074b800000, 0x000000074b9af7e8, 0x000000074ba00000| 84%| O|  |TAMS 0x000000074b800000| PB 0x000000074b800000| Untracked 
|  57|0x000000074ba00000, 0x000000074bbffff8, 0x000000074bc00000| 99%| O|  |TAMS 0x000000074ba00000| PB 0x000000074ba00000| Untracked 
|  58|0x000000074bc00000, 0x000000074bdffff8, 0x000000074be00000| 99%| O|  |TAMS 0x000000074bc00000| PB 0x000000074bc00000| Untracked 
|  59|0x000000074be00000, 0x000000074bfffff8, 0x000000074c000000| 99%| O|  |TAMS 0x000000074be00000| PB 0x000000074be00000| Untracked 
|  60|0x000000074c000000, 0x000000074c200000, 0x000000074c200000|100%| O|  |TAMS 0x000000074c000000| PB 0x000000074c000000| Untracked 
|  61|0x000000074c200000, 0x000000074c3fffe8, 0x000000074c400000| 99%| O|  |TAMS 0x000000074c200000| PB 0x000000074c200000| Untracked 
|  62|0x000000074c400000, 0x000000074c599890, 0x000000074c600000| 79%| O|  |TAMS 0x000000074c400000| PB 0x000000074c400000| Untracked 
|  63|0x000000074c600000, 0x000000074c71c6b0, 0x000000074c800000| 55%| O|  |TAMS 0x000000074c600000| PB 0x000000074c600000| Untracked 
|  64|0x000000074c800000, 0x000000074c983480, 0x000000074ca00000| 75%| O|  |TAMS 0x000000074c800000| PB 0x000000074c800000| Untracked 
|  65|0x000000074ca00000, 0x000000074ca64d98, 0x000000074cc00000| 19%| O|  |TAMS 0x000000074ca00000| PB 0x000000074ca00000| Complete 
|  66|0x000000074cc00000, 0x000000074cc19100, 0x000000074ce00000|  4%| O|  |TAMS 0x000000074cc00000| PB 0x000000074cc00000| Complete 
|  67|0x000000074ce00000, 0x000000074d000000, 0x000000074d000000|100%| O|  |TAMS 0x000000074ce00000| PB 0x000000074ce00000| Untracked 
|  68|0x000000074d000000, 0x000000074d1b4cd8, 0x000000074d200000| 85%| O|  |TAMS 0x000000074d000000| PB 0x000000074d000000| Untracked 
|  69|0x000000074d200000, 0x000000074d380c00, 0x000000074d400000| 75%| O|  |TAMS 0x000000074d200000| PB 0x000000074d200000| Untracked 
|  70|0x000000074d400000, 0x000000074d600000, 0x000000074d600000|100%| O|  |TAMS 0x000000074d400000| PB 0x000000074d400000| Untracked 
|  71|0x000000074d600000, 0x000000074d800000, 0x000000074d800000|100%| O|  |TAMS 0x000000074d600000| PB 0x000000074d600000| Untracked 
|  72|0x000000074d800000, 0x000000074d800000, 0x000000074da00000|  0%| F|  |TAMS 0x000000074d800000| PB 0x000000074d800000| Untracked 
|  73|0x000000074da00000, 0x000000074da00000, 0x000000074dc00000|  0%| F|  |TAMS 0x000000074da00000| PB 0x000000074da00000| Untracked 
|  74|0x000000074dc00000, 0x000000074dc00000, 0x000000074de00000|  0%| F|  |TAMS 0x000000074dc00000| PB 0x000000074dc00000| Untracked 
|  75|0x000000074de00000, 0x000000074de00000, 0x000000074e000000|  0%| F|  |TAMS 0x000000074de00000| PB 0x000000074de00000| Untracked 
|  76|0x000000074e000000, 0x000000074e200000, 0x000000074e200000|100%| O|  |TAMS 0x000000074e000000| PB 0x000000074e000000| Untracked 
|  77|0x000000074e200000, 0x000000074e200000, 0x000000074e400000|  0%| F|  |TAMS 0x000000074e200000| PB 0x000000074e200000| Untracked 
|  78|0x000000074e400000, 0x000000074e400000, 0x000000074e600000|  0%| F|  |TAMS 0x000000074e400000| PB 0x000000074e400000| Untracked 
|  79|0x000000074e600000, 0x000000074e600000, 0x000000074e800000|  0%| F|  |TAMS 0x000000074e600000| PB 0x000000074e600000| Untracked 
|  80|0x000000074e800000, 0x000000074e800000, 0x000000074ea00000|  0%| F|  |TAMS 0x000000074e800000| PB 0x000000074e800000| Untracked 
|  81|0x000000074ea00000, 0x000000074ea00000, 0x000000074ec00000|  0%| F|  |TAMS 0x000000074ea00000| PB 0x000000074ea00000| Untracked 
|  82|0x000000074ec00000, 0x000000074ec00000, 0x000000074ee00000|  0%| F|  |TAMS 0x000000074ec00000| PB 0x000000074ec00000| Untracked 
|  83|0x000000074ee00000, 0x000000074ee00000, 0x000000074f000000|  0%| F|  |TAMS 0x000000074ee00000| PB 0x000000074ee00000| Untracked 
|  84|0x000000074f000000, 0x000000074f000000, 0x000000074f200000|  0%| F|  |TAMS 0x000000074f000000| PB 0x000000074f000000| Untracked 
|  85|0x000000074f200000, 0x000000074f200000, 0x000000074f400000|  0%| F|  |TAMS 0x000000074f200000| PB 0x000000074f200000| Untracked 
|  86|0x000000074f400000, 0x000000074f400000, 0x000000074f600000|  0%| F|  |TAMS 0x000000074f400000| PB 0x000000074f400000| Untracked 
|  87|0x000000074f600000, 0x000000074f600000, 0x000000074f800000|  0%| F|  |TAMS 0x000000074f600000| PB 0x000000074f600000| Untracked 
|  88|0x000000074f800000, 0x000000074f9cd900, 0x000000074fa00000| 90%| S|  |TAMS 0x000000074f800000| PB 0x000000074f800000| Complete 
|  89|0x000000074fa00000, 0x000000074fc00000, 0x000000074fc00000|100%| S|  |TAMS 0x000000074fa00000| PB 0x000000074fa00000| Complete 
|  90|0x000000074fc00000, 0x000000074fe00000, 0x000000074fe00000|100%| S|  |TAMS 0x000000074fc00000| PB 0x000000074fc00000| Complete 
|  91|0x000000074fe00000, 0x0000000750000000, 0x0000000750000000|100%| S|  |TAMS 0x000000074fe00000| PB 0x000000074fe00000| Complete 
|  92|0x0000000750000000, 0x0000000750200000, 0x0000000750200000|100%| S|  |TAMS 0x0000000750000000| PB 0x0000000750000000| Complete 
|  93|0x0000000750200000, 0x0000000750200000, 0x0000000750400000|  0%| F|  |TAMS 0x0000000750200000| PB 0x0000000750200000| Untracked 
|  94|0x0000000750400000, 0x0000000750400000, 0x0000000750600000|  0%| F|  |TAMS 0x0000000750400000| PB 0x0000000750400000| Untracked 
|  95|0x0000000750600000, 0x0000000750600000, 0x0000000750800000|  0%| F|  |TAMS 0x0000000750600000| PB 0x0000000750600000| Untracked 
|  96|0x0000000750800000, 0x0000000750800000, 0x0000000750a00000|  0%| F|  |TAMS 0x0000000750800000| PB 0x0000000750800000| Untracked 
|  97|0x0000000750a00000, 0x0000000750a00000, 0x0000000750c00000|  0%| F|  |TAMS 0x0000000750a00000| PB 0x0000000750a00000| Untracked 
|  98|0x0000000750c00000, 0x0000000750d75b20, 0x0000000750e00000| 72%| E|  |TAMS 0x0000000750c00000| PB 0x0000000750c00000| Complete 
|  99|0x0000000750e00000, 0x0000000751000000, 0x0000000751000000|100%| E|  |TAMS 0x0000000750e00000| PB 0x0000000750e00000| Complete 
| 100|0x0000000751000000, 0x0000000751200000, 0x0000000751200000|100%| E|  |TAMS 0x0000000751000000| PB 0x0000000751000000| Complete 
| 101|0x0000000751200000, 0x0000000751400000, 0x0000000751400000|100%| E|  |TAMS 0x0000000751200000| PB 0x0000000751200000| Complete 
| 102|0x0000000751400000, 0x0000000751600000, 0x0000000751600000|100%| E|  |TAMS 0x0000000751400000| PB 0x0000000751400000| Complete 
| 103|0x0000000751600000, 0x0000000751800000, 0x0000000751800000|100%| E|  |TAMS 0x0000000751600000| PB 0x0000000751600000| Complete 
| 104|0x0000000751800000, 0x0000000751a00000, 0x0000000751a00000|100%| E|  |TAMS 0x0000000751800000| PB 0x0000000751800000| Complete 
| 105|0x0000000751a00000, 0x0000000751c00000, 0x0000000751c00000|100%| E|  |TAMS 0x0000000751a00000| PB 0x0000000751a00000| Complete 
| 106|0x0000000751c00000, 0x0000000751e00000, 0x0000000751e00000|100%| E|  |TAMS 0x0000000751c00000| PB 0x0000000751c00000| Complete 
| 107|0x0000000751e00000, 0x0000000752000000, 0x0000000752000000|100%| E|  |TAMS 0x0000000751e00000| PB 0x0000000751e00000| Complete 
| 108|0x0000000752000000, 0x0000000752200000, 0x0000000752200000|100%| E|  |TAMS 0x0000000752000000| PB 0x0000000752000000| Complete 
| 109|0x0000000752200000, 0x0000000752400000, 0x0000000752400000|100%| E|  |TAMS 0x0000000752200000| PB 0x0000000752200000| Complete 
| 110|0x0000000752400000, 0x0000000752600000, 0x0000000752600000|100%| E|  |TAMS 0x0000000752400000| PB 0x0000000752400000| Complete 
| 111|0x0000000752600000, 0x0000000752800000, 0x0000000752800000|100%| E|  |TAMS 0x0000000752600000| PB 0x0000000752600000| Complete 
| 112|0x0000000752800000, 0x0000000752a00000, 0x0000000752a00000|100%| E|  |TAMS 0x0000000752800000| PB 0x0000000752800000| Complete 
| 113|0x0000000752a00000, 0x0000000752c00000, 0x0000000752c00000|100%| E|  |TAMS 0x0000000752a00000| PB 0x0000000752a00000| Complete 
| 114|0x0000000752c00000, 0x0000000752e00000, 0x0000000752e00000|100%| E|  |TAMS 0x0000000752c00000| PB 0x0000000752c00000| Complete 
| 115|0x0000000752e00000, 0x0000000753000000, 0x0000000753000000|100%| E|  |TAMS 0x0000000752e00000| PB 0x0000000752e00000| Complete 
| 116|0x0000000753000000, 0x0000000753200000, 0x0000000753200000|100%| E|  |TAMS 0x0000000753000000| PB 0x0000000753000000| Complete 
| 117|0x0000000753200000, 0x0000000753400000, 0x0000000753400000|100%| E|  |TAMS 0x0000000753200000| PB 0x0000000753200000| Complete 
| 118|0x0000000753400000, 0x0000000753600000, 0x0000000753600000|100%| E|  |TAMS 0x0000000753400000| PB 0x0000000753400000| Complete 
| 119|0x0000000753600000, 0x0000000753800000, 0x0000000753800000|100%| E|  |TAMS 0x0000000753600000| PB 0x0000000753600000| Complete 
| 120|0x0000000753800000, 0x0000000753a00000, 0x0000000753a00000|100%| E|  |TAMS 0x0000000753800000| PB 0x0000000753800000| Complete 
| 121|0x0000000753a00000, 0x0000000753c00000, 0x0000000753c00000|100%| E|  |TAMS 0x0000000753a00000| PB 0x0000000753a00000| Complete 
| 122|0x0000000753c00000, 0x0000000753e00000, 0x0000000753e00000|100%| E|  |TAMS 0x0000000753c00000| PB 0x0000000753c00000| Complete 
| 123|0x0000000753e00000, 0x0000000754000000, 0x0000000754000000|100%| E|  |TAMS 0x0000000753e00000| PB 0x0000000753e00000| Complete 
| 124|0x0000000754000000, 0x0000000754200000, 0x0000000754200000|100%| E|  |TAMS 0x0000000754000000| PB 0x0000000754000000| Complete 
| 125|0x0000000754200000, 0x0000000754400000, 0x0000000754400000|100%| E|  |TAMS 0x0000000754200000| PB 0x0000000754200000| Complete 
| 126|0x0000000754400000, 0x0000000754600000, 0x0000000754600000|100%| E|  |TAMS 0x0000000754400000| PB 0x0000000754400000| Complete 
| 127|0x0000000754600000, 0x0000000754800000, 0x0000000754800000|100%| E|  |TAMS 0x0000000754600000| PB 0x0000000754600000| Complete 
| 128|0x0000000754800000, 0x0000000754a00000, 0x0000000754a00000|100%| E|  |TAMS 0x0000000754800000| PB 0x0000000754800000| Complete 
| 129|0x0000000754a00000, 0x0000000754c00000, 0x0000000754c00000|100%| E|  |TAMS 0x0000000754a00000| PB 0x0000000754a00000| Complete 
| 130|0x0000000754c00000, 0x0000000754e00000, 0x0000000754e00000|100%| E|  |TAMS 0x0000000754c00000| PB 0x0000000754c00000| Complete 
| 131|0x0000000754e00000, 0x0000000755000000, 0x0000000755000000|100%| E|  |TAMS 0x0000000754e00000| PB 0x0000000754e00000| Complete 
| 132|0x0000000755000000, 0x0000000755200000, 0x0000000755200000|100%| E|  |TAMS 0x0000000755000000| PB 0x0000000755000000| Complete 
| 133|0x0000000755200000, 0x0000000755400000, 0x0000000755400000|100%| E|  |TAMS 0x0000000755200000| PB 0x0000000755200000| Complete 
| 134|0x0000000755400000, 0x0000000755600000, 0x0000000755600000|100%| E|  |TAMS 0x0000000755400000| PB 0x0000000755400000| Complete 
| 135|0x0000000755600000, 0x0000000755800000, 0x0000000755800000|100%| E|  |TAMS 0x0000000755600000| PB 0x0000000755600000| Complete 
| 136|0x0000000755800000, 0x0000000755a00000, 0x0000000755a00000|100%| E|  |TAMS 0x0000000755800000| PB 0x0000000755800000| Complete 
| 137|0x0000000755a00000, 0x0000000755c00000, 0x0000000755c00000|100%| E|  |TAMS 0x0000000755a00000| PB 0x0000000755a00000| Complete 
| 138|0x0000000755c00000, 0x0000000755e00000, 0x0000000755e00000|100%| E|  |TAMS 0x0000000755c00000| PB 0x0000000755c00000| Complete 
| 139|0x0000000755e00000, 0x0000000756000000, 0x0000000756000000|100%| E|  |TAMS 0x0000000755e00000| PB 0x0000000755e00000| Complete 
| 140|0x0000000756000000, 0x0000000756200000, 0x0000000756200000|100%| E|  |TAMS 0x0000000756000000| PB 0x0000000756000000| Complete 
| 141|0x0000000756200000, 0x0000000756400000, 0x0000000756400000|100%| E|  |TAMS 0x0000000756200000| PB 0x0000000756200000| Complete 
| 142|0x0000000756400000, 0x0000000756600000, 0x0000000756600000|100%| E|  |TAMS 0x0000000756400000| PB 0x0000000756400000| Complete 
| 143|0x0000000756600000, 0x0000000756800000, 0x0000000756800000|100%| E|  |TAMS 0x0000000756600000| PB 0x0000000756600000| Complete 
| 144|0x0000000756800000, 0x0000000756a00000, 0x0000000756a00000|100%| E|  |TAMS 0x0000000756800000| PB 0x0000000756800000| Complete 
| 145|0x0000000756a00000, 0x0000000756c00000, 0x0000000756c00000|100%| E|  |TAMS 0x0000000756a00000| PB 0x0000000756a00000| Complete 
| 146|0x0000000756c00000, 0x0000000756e00000, 0x0000000756e00000|100%| E|  |TAMS 0x0000000756c00000| PB 0x0000000756c00000| Complete 
| 147|0x0000000756e00000, 0x0000000757000000, 0x0000000757000000|100%| E|  |TAMS 0x0000000756e00000| PB 0x0000000756e00000| Complete 
| 148|0x0000000757000000, 0x0000000757200000, 0x0000000757200000|100%| E|  |TAMS 0x0000000757000000| PB 0x0000000757000000| Complete 
| 149|0x0000000757200000, 0x0000000757400000, 0x0000000757400000|100%| E|  |TAMS 0x0000000757200000| PB 0x0000000757200000| Complete 
| 150|0x0000000757400000, 0x0000000757600000, 0x0000000757600000|100%| E|  |TAMS 0x0000000757400000| PB 0x0000000757400000| Complete 
| 151|0x0000000757600000, 0x0000000757800000, 0x0000000757800000|100%| E|  |TAMS 0x0000000757600000| PB 0x0000000757600000| Complete 
| 152|0x0000000757800000, 0x0000000757a00000, 0x0000000757a00000|100%| E|  |TAMS 0x0000000757800000| PB 0x0000000757800000| Complete 
| 153|0x0000000757a00000, 0x0000000757c00000, 0x0000000757c00000|100%| E|  |TAMS 0x0000000757a00000| PB 0x0000000757a00000| Complete 
| 154|0x0000000757c00000, 0x0000000757e00000, 0x0000000757e00000|100%| E|  |TAMS 0x0000000757c00000| PB 0x0000000757c00000| Complete 
| 155|0x0000000757e00000, 0x0000000758000000, 0x0000000758000000|100%| E|  |TAMS 0x0000000757e00000| PB 0x0000000757e00000| Complete 
| 156|0x0000000758000000, 0x0000000758200000, 0x0000000758200000|100%| E|  |TAMS 0x0000000758000000| PB 0x0000000758000000| Complete 
| 157|0x0000000758200000, 0x0000000758400000, 0x0000000758400000|100%| E|  |TAMS 0x0000000758200000| PB 0x0000000758200000| Complete 
| 158|0x0000000758400000, 0x0000000758600000, 0x0000000758600000|100%| E|  |TAMS 0x0000000758400000| PB 0x0000000758400000| Complete 
| 159|0x0000000758600000, 0x0000000758800000, 0x0000000758800000|100%| E|  |TAMS 0x0000000758600000| PB 0x0000000758600000| Complete 
| 160|0x0000000758800000, 0x0000000758a00000, 0x0000000758a00000|100%| E|  |TAMS 0x0000000758800000| PB 0x0000000758800000| Complete 
| 161|0x0000000758a00000, 0x0000000758c00000, 0x0000000758c00000|100%| E|  |TAMS 0x0000000758a00000| PB 0x0000000758a00000| Complete 

Card table byte_map: [0x000001e55d4e0000,0x000001e55dac0000] _byte_map_base: 0x000001e559abc000

Marking Bits: (CMBitMap*) 0x000001e54594ee00
 Bits: [0x000001e55e0a0000, 0x000001e560f80000)

Polling page: 0x000001e543800000

Metaspace:

Usage:
  Non-class:    118.93 MB used.
      Class:     14.64 MB used.
       Both:    133.57 MB used.

Virtual space:
  Non-class space:      128.00 MB reserved,     120.12 MB ( 94%) committed,  2 nodes.
      Class space:        1.00 GB reserved,      16.00 MB (  2%) committed,  1 nodes.
             Both:        1.12 GB reserved,     136.12 MB ( 12%) committed. 

Chunk freelists:
   Non-Class:  3.57 MB
       Class:  3.83 MB
        Both:  7.40 MB

MaxMetaspaceSize: unlimited
CompressedClassSpaceSize: 1.00 GB
Initial GC threshold: 21.00 MB
Current GC threshold: 224.94 MB
CDS: on
MetaspaceReclaimPolicy: balanced
 - commit_granule_bytes: 65536.
 - commit_granule_words: 8192.
 - virtual_space_node_default_size: 8388608.
 - enlarge_chunks_in_place: 1.
 - new_chunks_are_fully_committed: 0.
 - uncommit_free_chunks: 1.
 - use_allocation_guard: 0.


Internal statistics:

num_allocs_failed_limit: 9.
num_arena_births: 5900.
num_arena_deaths: 992.
num_vsnodes_births: 3.
num_vsnodes_deaths: 0.
num_space_committed: 2178.
num_space_uncommitted: 0.
num_chunks_returned_to_freelist: 1177.
num_chunks_taken_from_freelist: 13529.
num_chunk_merges: 278.
num_chunk_splits: 8137.
num_chunks_enlarged: 4687.
num_inconsistent_stats: 0.

CodeHeap 'non-profiled nmethods': size=120000Kb used=21015Kb max_used=21015Kb free=98984Kb
 bounds [0x000001e555480000, 0x000001e556910000, 0x000001e55c9b0000]
CodeHeap 'profiled nmethods': size=120000Kb used=22597Kb max_used=25796Kb free=97402Kb
 bounds [0x000001e54d9b0000, 0x000001e54f300000, 0x000001e554ee0000]
CodeHeap 'non-nmethods': size=5760Kb used=1853Kb max_used=1996Kb free=3906Kb
 bounds [0x000001e554ee0000, 0x000001e555150000, 0x000001e555480000]
 total_blobs=13644 nmethods=12898 adapters=655
 compilation: enabled
              stopped_count=0, restarted_count=0
 full_count=0

Compilation events (20 events):
Event: 33479.946 Thread 0x000001e563be3e20 75992       3       jdk.internal.misc.TerminatingThreadLocal::threadTerminated (42 bytes)
Event: 33479.946 Thread 0x000001e563be3e20 nmethod 75992 0x000001e54f083310 code [0x000001e54f083540, 0x000001e54f084028]
Event: 33479.947 Thread 0x000001e563be3e20 75993   !   3       java.lang.Thread::interrupt (66 bytes)
Event: 33479.947 Thread 0x000001e563be3e20 nmethod 75993 0x000001e54f082910 code [0x000001e54f082b00, 0x000001e54f0830c0]
Event: 33484.950 Thread 0x000001e563be3e20 75994  s!   3       org.apache.catalina.util.LifecycleBase::destroy (274 bytes)
Event: 33484.951 Thread 0x000001e563be2490 75995       4       org.apache.tomcat.util.modeler.NoDescriptorRegistry::unregisterComponent (1 bytes)
Event: 33484.951 Thread 0x000001e563be2490 nmethod 75995 0x000001e556905990 code [0x000001e556905b00, 0x000001e556905b88]
Event: 33484.952 Thread 0x000001e563be3e20 nmethod 75994 0x000001e54f07f490 code [0x000001e54f07f8e0, 0x000001e54f081eb8]
Event: 33484.952 Thread 0x000001e563be3e20 75996       3       org.hibernate.internal.SessionFactoryImpl$$Lambda$1588/0x000001e5019827b0::accept (16 bytes)
Event: 33484.953 Thread 0x000001e563be3e20 nmethod 75996 0x000001e54f07ef90 code [0x000001e54f07f120, 0x000001e54f07f398]
Event: 33484.953 Thread 0x000001e563be3e20 75997       3       org.hibernate.internal.SessionFactoryImpl::lambda$close$2 (45 bytes)
Event: 33484.953 Thread 0x000001e563be3e20 nmethod 75997 0x000001e54f07e590 code [0x000001e54f07e760, 0x000001e54f07ede8]
Event: 33484.954 Thread 0x000001e563be3e20 75999       3       java.util.ArrayList$ListItr::hasPrevious (13 bytes)
Event: 33484.954 Thread 0x000001e563be3e20 nmethod 75999 0x000001e54f07e210 code [0x000001e54f07e3a0, 0x000001e54f07e510]
Event: 33484.954 Thread 0x000001e563be3e20 75998       3       java.util.ArrayList$ListItr::previous (59 bytes)
Event: 33484.954 Thread 0x000001e563be3e20 nmethod 75998 0x000001e54f07d890 code [0x000001e54f07da80, 0x000001e54f07df98]
Event: 33484.954 Thread 0x000001e563be3e20 76000       3       org.hibernate.boot.registry.classloading.internal.AggregatedServiceLoader$ClassPathAndModulePathAggregatedServiceLoader::close (6 bytes)
Event: 33484.955 Thread 0x000001e563be3e20 nmethod 76000 0x000001e54f07d510 code [0x000001e54f07d6a0, 0x000001e54f07d7d8]
Event: 33484.955 Thread 0x000001e563be3e20 76001       3       org.springframework.boot.jdbc.DatabaseDriver::getUrlPrefixes (14 bytes)
Event: 33484.955 Thread 0x000001e563be3e20 nmethod 76001 0x000001e54f07cb10 code [0x000001e54f07cd00, 0x000001e54f07d2f0]

GC Heap History (20 events):
Event: 32700.295 GC heap after
{Heap after GC invocations=220 (full 13):
 garbage-first heap   total 249856K, used 126781K [0x0000000744800000, 0x0000000800000000)
  region size 2048K, 0 young (0K), 0 survivors (0K)
 Metaspace       used 129074K, committed 131456K, reserved 1179648K
  class space    used 14332K, committed 15616K, reserved 1048576K
}
Event: 32701.869 GC heap before
{Heap before GC invocations=220 (full 13):
 garbage-first heap   total 249856K, used 225085K [0x0000000744800000, 0x0000000800000000)
  region size 2048K, 49 young (100352K), 0 survivors (0K)
 Metaspace       used 130329K, committed 132736K, reserved 1179648K
  class space    used 14465K, committed 15744K, reserved 1048576K
}
Event: 32701.875 GC heap after
{Heap after GC invocations=221 (full 13):
 garbage-first heap   total 249856K, used 134436K [0x0000000744800000, 0x0000000800000000)
  region size 2048K, 4 young (8192K), 4 survivors (8192K)
 Metaspace       used 130329K, committed 132736K, reserved 1179648K
  class space    used 14465K, committed 15744K, reserved 1048576K
}
Event: 32702.438 GC heap before
{Heap before GC invocations=222 (full 13):
 garbage-first heap   total 256000K, used 218404K [0x0000000744800000, 0x0000000800000000)
  region size 2048K, 45 young (92160K), 4 survivors (8192K)
 Metaspace       used 130922K, committed 133312K, reserved 1179648K
  class space    used 14511K, committed 15808K, reserved 1048576K
}
Event: 32702.445 GC heap after
{Heap after GC invocations=223 (full 13):
 garbage-first heap   total 256000K, used 137411K [0x0000000744800000, 0x0000000800000000)
  region size 2048K, 2 young (4096K), 2 survivors (4096K)
 Metaspace       used 130922K, committed 133312K, reserved 1179648K
  class space    used 14511K, committed 15808K, reserved 1048576K
}
Event: 32702.735 GC heap before
{Heap before GC invocations=223 (full 13):
 garbage-first heap   total 256000K, used 227523K [0x0000000744800000, 0x0000000800000000)
  region size 2048K, 46 young (94208K), 2 survivors (4096K)
 Metaspace       used 131587K, committed 133952K, reserved 1179648K
  class space    used 14552K, committed 15808K, reserved 1048576K
}
Event: 32702.739 GC heap after
{Heap after GC invocations=224 (full 13):
 garbage-first heap   total 256000K, used 140446K [0x0000000744800000, 0x0000000800000000)
  region size 2048K, 4 young (8192K), 4 survivors (8192K)
 Metaspace       used 131587K, committed 133952K, reserved 1179648K
  class space    used 14552K, committed 15808K, reserved 1048576K
}
Event: 32735.864 GC heap before
{Heap before GC invocations=224 (full 13):
 garbage-first heap   total 256000K, used 210078K [0x0000000744800000, 0x0000000800000000)
  region size 2048K, 39 young (79872K), 4 survivors (8192K)
 Metaspace       used 132006K, committed 134400K, reserved 1179648K
  class space    used 14581K, committed 15872K, reserved 1048576K
}
Event: 32735.961 GC heap after
{Heap after GC invocations=225 (full 14):
 garbage-first heap   total 256000K, used 133232K [0x0000000744800000, 0x0000000800000000)
  region size 2048K, 0 young (0K), 0 survivors (0K)
 Metaspace       used 131996K, committed 134400K, reserved 1179648K
  class space    used 14579K, committed 15872K, reserved 1048576K
}
Event: 32737.132 GC heap before
{Heap before GC invocations=225 (full 14):
 garbage-first heap   total 256000K, used 231536K [0x0000000744800000, 0x0000000800000000)
  region size 2048K, 49 young (100352K), 0 survivors (0K)
 Metaspace       used 133275K, committed 135680K, reserved 1179648K
  class space    used 14713K, committed 16000K, reserved 1048576K
}
Event: 32737.138 GC heap after
{Heap after GC invocations=226 (full 14):
 garbage-first heap   total 256000K, used 140594K [0x0000000744800000, 0x0000000800000000)
  region size 2048K, 4 young (8192K), 4 survivors (8192K)
 Metaspace       used 133275K, committed 135680K, reserved 1179648K
  class space    used 14713K, committed 16000K, reserved 1048576K
}
Event: 32737.672 GC heap before
{Heap before GC invocations=227 (full 14):
 garbage-first heap   total 276480K, used 222514K [0x0000000744800000, 0x0000000800000000)
  region size 2048K, 44 young (90112K), 4 survivors (8192K)
 Metaspace       used 133878K, committed 136256K, reserved 1179648K
  class space    used 14759K, committed 16064K, reserved 1048576K
}
Event: 32737.677 GC heap after
{Heap after GC invocations=228 (full 14):
 garbage-first heap   total 276480K, used 143366K [0x0000000744800000, 0x0000000800000000)
  region size 2048K, 2 young (4096K), 2 survivors (4096K)
 Metaspace       used 133878K, committed 136256K, reserved 1179648K
  class space    used 14759K, committed 16064K, reserved 1048576K
}
Event: 32738.018 GC heap before
{Heap before GC invocations=228 (full 14):
 garbage-first heap   total 276480K, used 245766K [0x0000000744800000, 0x0000000800000000)
  region size 2048K, 52 young (106496K), 2 survivors (4096K)
 Metaspace       used 134669K, committed 137088K, reserved 1179648K
  class space    used 14810K, committed 16128K, reserved 1048576K
}
Event: 32738.023 GC heap after
{Heap after GC invocations=229 (full 14):
 garbage-first heap   total 276480K, used 146855K [0x0000000744800000, 0x0000000800000000)
  region size 2048K, 4 young (8192K), 4 survivors (8192K)
 Metaspace       used 134669K, committed 137088K, reserved 1179648K
  class space    used 14810K, committed 16128K, reserved 1048576K
}
Event: 32771.678 GC heap before
{Heap before GC invocations=229 (full 14):
 garbage-first heap   total 276480K, used 243111K [0x0000000744800000, 0x0000000800000000)
  region size 2048K, 51 young (104448K), 4 survivors (8192K)
 Metaspace       used 135581K, committed 138112K, reserved 1179648K
  class space    used 14910K, committed 16256K, reserved 1048576K
}
Event: 32771.686 GC heap after
{Heap after GC invocations=230 (full 14):
 garbage-first heap   total 331776K, used 151775K [0x0000000744800000, 0x0000000800000000)
  region size 2048K, 6 young (12288K), 6 survivors (12288K)
 Metaspace       used 135581K, committed 138112K, reserved 1179648K
  class space    used 14910K, committed 16256K, reserved 1048576K
}
Event: 33038.568 GC heap before
{Heap before GC invocations=231 (full 14):
 garbage-first heap   total 331776K, used 293087K [0x0000000744800000, 0x0000000800000000)
  region size 2048K, 75 young (153600K), 6 survivors (12288K)
 Metaspace       used 135952K, committed 138624K, reserved 1179648K
  class space    used 14974K, committed 16384K, reserved 1048576K
}
Event: 33038.648 GC heap after
{Heap after GC invocations=232 (full 14):
 garbage-first heap   total 331776K, used 152996K [0x0000000744800000, 0x0000000800000000)
  region size 2048K, 5 young (10240K), 5 survivors (10240K)
 Metaspace       used 135952K, committed 138624K, reserved 1179648K
  class space    used 14974K, committed 16384K, reserved 1048576K
}
Event: 33484.972 GC heap before
{Heap before GC invocations=232 (full 14):
 garbage-first heap   total 331776K, used 282020K [0x0000000744800000, 0x0000000800000000)
  region size 2048K, 69 young (141312K), 5 survivors (10240K)
 Metaspace       used 136772K, committed 139392K, reserved 1179648K
  class space    used 14986K, committed 16384K, reserved 1048576K
}

Dll operation events (11 events):
Event: 0.009 Loaded shared library C:\Program Files\Java\jdk-20\bin\java.dll
Event: 0.027 Loaded shared library C:\Program Files\Java\jdk-20\bin\jsvml.dll
Event: 0.264 Loaded shared library C:\Program Files\Java\jdk-20\bin\net.dll
Event: 0.265 Loaded shared library C:\Program Files\Java\jdk-20\bin\nio.dll
Event: 0.266 Loaded shared library C:\Program Files\Java\jdk-20\bin\zip.dll
Event: 0.332 Loaded shared library C:\Program Files\Java\jdk-20\bin\jimage.dll
Event: 0.619 Loaded shared library C:\Program Files\Java\jdk-20\bin\management.dll
Event: 0.621 Loaded shared library C:\Program Files\Java\jdk-20\bin\management_ext.dll
Event: 4.078 Loaded shared library C:\Program Files\Java\jdk-20\bin\sunmscapi.dll
Event: 4.943 Loaded shared library C:\Program Files\Java\jdk-20\bin\verify.dll
Event: 5.283 Loaded shared library C:\Program Files\Java\jdk-20\bin\extnet.dll

Deoptimization events (20 events):
Event: 33479.948 Thread 0x000001e56a408d90 DEOPT UNPACKING pc=0x000001e554f4a4c2 sp=0x0000005a4e6fec50 mode 0
Event: 33479.948 Thread 0x000001e571a943c0 DEOPT UNPACKING pc=0x000001e554f4a4c2 sp=0x0000005a4e4fe780 mode 1
Event: 33479.948 Thread 0x000001e571a943c0 DEOPT PACKING pc=0x000001e54e9dbb6c sp=0x0000005a4e4ff320
Event: 33479.948 Thread 0x000001e571a943c0 DEOPT UNPACKING pc=0x000001e554f4a4c2 sp=0x0000005a4e4fe7e0 mode 1
Event: 33479.948 Thread 0x000001e571a943c0 DEOPT PACKING pc=0x000001e54db89584 sp=0x0000005a4e4ff510
Event: 33479.948 Thread 0x000001e571a943c0 DEOPT UNPACKING pc=0x000001e554f4a4c2 sp=0x0000005a4e4fe960 mode 0
Event: 33480.351 Thread 0x000001e571a95900 Uncommon trap: trap_request=0xffffff45 fr.pc=0x000001e5556d855c relative=0x00000000000039bc
Event: 33480.351 Thread 0x000001e571a95900 Uncommon trap: reason=unstable_if action=reinterpret pc=0x000001e5556d855c method=java.util.concurrent.ScheduledThreadPoolExecutor$DelayedWorkQueue.take()Ljava/util/concurrent/RunnableScheduledFuture; @ 17 c2
Event: 33480.351 Thread 0x000001e571a95900 DEOPT PACKING pc=0x000001e5556d855c sp=0x0000005a4dafef30
Event: 33480.351 Thread 0x000001e571a95900 DEOPT UNPACKING pc=0x000001e554f49d22 sp=0x0000005a4dafee68 mode 2
Event: 33482.157 Thread 0x000001e56a409830 DEOPT PACKING pc=0x000001e54e02d3bc sp=0x0000005a4e5fac80
Event: 33482.157 Thread 0x000001e56a409830 DEOPT UNPACKING pc=0x000001e554f4a4c2 sp=0x0000005a4e5fa128 mode 0
Event: 33484.950 Thread 0x000001e571a95900 DEOPT PACKING pc=0x000001e54dac23cc sp=0x0000005a4dafed90
Event: 33484.950 Thread 0x000001e571a988d0 DEOPT PACKING pc=0x000001e5554d9540 sp=0x0000005a4dcff110
Event: 33484.950 Thread 0x000001e571a988d0 DEOPT UNPACKING pc=0x000001e554f4a4c2 sp=0x0000005a4dcfe588 mode 1
Event: 33484.950 Thread 0x000001e571a95900 DEOPT UNPACKING pc=0x000001e554f4a4c2 sp=0x0000005a4dafe2c8 mode 1
Event: 33484.956 Thread 0x000001e571a93e70 DEOPT PACKING pc=0x000001e5556d5ac8 sp=0x0000005a4d8ff130
Event: 33484.956 Thread 0x000001e571a93e70 DEOPT UNPACKING pc=0x000001e554f4a4c2 sp=0x0000005a4d8fe560 mode 1
Event: 33484.968 Thread 0x000001e56b6aa250 DEOPT PACKING pc=0x000001e54e940234 sp=0x0000005a4b1ff150
Event: 33484.968 Thread 0x000001e56b6aa250 DEOPT UNPACKING pc=0x000001e554f4a4c2 sp=0x0000005a4b1fe6c8 mode 1

Classes loaded (20 events):
Event: 5886.126 Loading class javax/security/auth/callback/Callback
Event: 5886.126 Loading class javax/security/auth/callback/Callback done
Event: 5887.389 Loading class java/io/CharArrayWriter
Event: 5887.389 Loading class java/io/CharArrayWriter done
Event: 5887.389 Loading class java/lang/StringIndexOutOfBoundsException
Event: 5887.389 Loading class java/lang/StringIndexOutOfBoundsException done
Event: 5894.339 Loading class sun/security/ssl/Alert
Event: 5894.340 Loading class sun/security/ssl/Alert done
Event: 5894.340 Loading class sun/security/ssl/Alert$AlertConsumer
Event: 5894.340 Loading class sun/security/ssl/Alert$AlertConsumer done
Event: 5894.340 Loading class sun/security/ssl/Alert$Level
Event: 5894.340 Loading class sun/security/ssl/Alert$Level done
Event: 21573.940 Loading class java/time/DurationEditor
Event: 21573.941 Loading class java/time/DurationEditor done
Event: 28940.728 Loading class java/time/DurationEditor
Event: 28940.728 Loading class java/time/DurationEditor done
Event: 32648.406 Loading class java/time/DurationEditor
Event: 32648.407 Loading class java/time/DurationEditor done
Event: 33063.521 Loading class jdk/internal/reflect/AccessorUtils
Event: 33063.522 Loading class jdk/internal/reflect/AccessorUtils done

Classes unloaded (20 events):
Event: 32644.022 Thread 0x000001e563bb6b20 Unloading class 0x000001e501ed3000 'java/lang/invoke/LambdaForm$MH+0x000001e501ed3000'
Event: 32644.022 Thread 0x000001e563bb6b20 Unloading class 0x000001e501ed2c00 'java/lang/invoke/LambdaForm$MH+0x000001e501ed2c00'
Event: 32644.022 Thread 0x000001e563bb6b20 Unloading class 0x000001e501ed2400 'java/lang/invoke/LambdaForm$MH+0x000001e501ed2400'
Event: 32644.022 Thread 0x000001e563bb6b20 Unloading class 0x000001e501ed2000 'java/lang/invoke/LambdaForm$MH+0x000001e501ed2000'
Event: 32644.022 Thread 0x000001e563bb6b20 Unloading class 0x000001e501ed1c00 'java/lang/invoke/LambdaForm$MH+0x000001e501ed1c00'
Event: 32644.022 Thread 0x000001e563bb6b20 Unloading class 0x000001e501ed1000 'java/lang/invoke/LambdaForm$MH+0x000001e501ed1000'
Event: 32644.022 Thread 0x000001e563bb6b20 Unloading class 0x000001e501ed0c00 'java/lang/invoke/LambdaForm$MH+0x000001e501ed0c00'
Event: 32644.022 Thread 0x000001e563bb6b20 Unloading class 0x000001e501ed0800 'java/lang/invoke/LambdaForm$MH+0x000001e501ed0800'
Event: 32644.022 Thread 0x000001e563bb6b20 Unloading class 0x000001e501ecbc00 'java/lang/invoke/LambdaForm$MH+0x000001e501ecbc00'
Event: 32644.022 Thread 0x000001e563bb6b20 Unloading class 0x000001e501ecb800 'java/lang/invoke/LambdaForm$MH+0x000001e501ecb800'
Event: 32644.022 Thread 0x000001e563bb6b20 Unloading class 0x000001e501ecb400 'java/lang/invoke/LambdaForm$MH+0x000001e501ecb400'
Event: 32644.022 Thread 0x000001e563bb6b20 Unloading class 0x000001e501ea0400 'java/lang/invoke/LambdaForm$MH+0x000001e501ea0400'
Event: 32644.022 Thread 0x000001e563bb6b20 Unloading class 0x000001e501e9f400 'java/lang/invoke/LambdaForm$DMH+0x000001e501e9f400'
Event: 32644.022 Thread 0x000001e563bb6b20 Unloading class 0x000001e501e99c00 'java/lang/invoke/LambdaForm$MH+0x000001e501e99c00'
Event: 32700.224 Thread 0x000001e563bb6b20 Unloading class 0x000001e501f5b400 'jdk/internal/reflect/GeneratedSerializationConstructorAccessor39'
Event: 32700.224 Thread 0x000001e563bb6b20 Unloading class 0x000001e501f5ac00 'jdk/internal/reflect/GeneratedSerializationConstructorAccessor38'
Event: 32700.224 Thread 0x000001e563bb6b20 Unloading class 0x000001e501f4c000 'jdk/internal/reflect/GeneratedSerializationConstructorAccessor37'
Event: 32735.909 Thread 0x000001e563bb6b20 Unloading class 0x000001e501fa2400 'jdk/internal/reflect/GeneratedSerializationConstructorAccessor42'
Event: 32735.909 Thread 0x000001e563bb6b20 Unloading class 0x000001e501fa1c00 'jdk/internal/reflect/GeneratedSerializationConstructorAccessor41'
Event: 32735.909 Thread 0x000001e563bb6b20 Unloading class 0x000001e501f94000 'jdk/internal/reflect/GeneratedSerializationConstructorAccessor40'

Classes redefined (15 events):
Event: 33475.718 Thread 0x000001e563bb6b20 redefined class name=com.aza.api.controller.PurchaseOrderFulfillmentController, count=1
Event: 33475.718 Thread 0x000001e563bb6b20 redefined class name=com.aza.api.controller.PurchaseOrderFulfillmentController, count=1
Event: 33475.718 Thread 0x000001e563bb6b20 redefined class name=com.aza.api.controller.PurchaseOrderFulfillmentController, count=1
Event: 33475.719 Thread 0x000001e563bb6b20 redefined class name=com.aza.api.controller.PurchaseOrderFulfillmentController, count=1
Event: 33475.719 Thread 0x000001e563bb6b20 redefined class name=com.aza.api.controller.PurchaseOrderFulfillmentController, count=1
Event: 33475.719 Thread 0x000001e563bb6b20 redefined class name=com.aza.api.controller.PurchaseOrderFulfillmentController, count=1
Event: 33475.719 Thread 0x000001e563bb6b20 redefined class name=com.aza.api.controller.PurchaseOrderFulfillmentController, count=1
Event: 33475.720 Thread 0x000001e563bb6b20 redefined class name=com.aza.api.controller.PurchaseOrderFulfillmentController, count=1
Event: 33475.721 Thread 0x000001e563bb6b20 redefined class name=com.aza.api.controller.PurchaseOrderFulfillmentController, count=1
Event: 33475.721 Thread 0x000001e563bb6b20 redefined class name=com.aza.api.controller.PurchaseOrderFulfillmentController, count=1
Event: 33475.721 Thread 0x000001e563bb6b20 redefined class name=com.aza.api.controller.PurchaseOrderFulfillmentController, count=1
Event: 33475.721 Thread 0x000001e563bb6b20 redefined class name=com.aza.api.controller.PurchaseOrderFulfillmentController, count=1
Event: 33475.722 Thread 0x000001e563bb6b20 redefined class name=com.aza.api.controller.PurchaseOrderFulfillmentController, count=1
Event: 33475.722 Thread 0x000001e563bb6b20 redefined class name=com.aza.api.controller.PurchaseOrderFulfillmentController, count=1
Event: 33475.723 Thread 0x000001e563bb6b20 redefined class name=com.aza.api.controller.PurchaseOrderFulfillmentController, count=1

Internal exceptions (20 events):
Event: 32736.645 Thread 0x000001e571a95e50 Exception <a 'java/lang/NoClassDefFoundError'{0x00000007512be6d8}: org/quartz/Scheduler> (0x00000007512be6d8) 
thrown [s\open\src\hotspot\share\oops\constantPool.cpp, line 848]
Event: 32736.645 Thread 0x000001e571a95e50 Exception <a 'java/lang/NoClassDefFoundError'{0x00000007512bed58}: org/springframework/session/jdbc/JdbcIndexedSessionRepository> (0x00000007512bed58) 
thrown [s\open\src\hotspot\share\oops\constantPool.cpp, line 848]
Event: 32736.703 Thread 0x000001e571a95e50 Exception <a 'java/io/FileNotFoundException'{0x0000000750b8ade8}> (0x0000000750b8ade8) 
thrown [s\open\src\hotspot\share\prims\jni.cpp, line 519]
Event: 32737.574 Thread 0x000001e571a95e50 Exception <a 'java/io/FileNotFoundException'{0x0000000751c47da8}> (0x0000000751c47da8) 
thrown [s\open\src\hotspot\share\prims\jni.cpp, line 519]
Event: 32737.632 Thread 0x000001e571a95e50 Exception <a 'java/io/FileNotFoundException'{0x00000007511eee10}> (0x00000007511eee10) 
thrown [s\open\src\hotspot\share\prims\jni.cpp, line 519]
Event: 32737.633 Thread 0x000001e571a95e50 Exception <a 'java/io/FileNotFoundException'{0x00000007511f8df0}> (0x00000007511f8df0) 
thrown [s\open\src\hotspot\share\prims\jni.cpp, line 519]
Event: 32765.326 Thread 0x000001e571a933d0 Exception <a 'java/lang/IncompatibleClassChangeError'{0x00000007517af198}: Found class java.lang.Object, but interface was expected> (0x00000007517af198) 
thrown [s\open\src\hotspot\share\interpreter\linkResolver.cpp, line 840]
Event: 33063.519 Thread 0x000001e571a92e80 Exception <a 'java/lang/NullPointerException'{0x00000007575acc58}> (0x00000007575acc58) 
thrown [s\open\src\hotspot\share\interpreter\linkResolver.cpp, line 1373]
Event: 33063.541 Thread 0x000001e571a92e80 Implicit null exception at 0x000001e5568e3633 to 0x000001e5568e4d78
Event: 33063.541 Thread 0x000001e571a92e80 Implicit null exception at 0x000001e555aaf8b2 to 0x000001e555aafd8c
Event: 33138.661 Thread 0x000001e571a998c0 Exception <a 'java/lang/NullPointerException'{0x00000007560afbd8}> (0x00000007560afbd8) 
thrown [s\open\src\hotspot\share\interpreter\linkResolver.cpp, line 1373]
Event: 33210.709 Thread 0x000001e571a943c0 Exception <a 'java/lang/NullPointerException'{0x000000075502ee38}> (0x000000075502ee38) 
thrown [s\open\src\hotspot\share\interpreter\linkResolver.cpp, line 1373]
Event: 33230.703 Thread 0x000001e56a408d90 Exception <a 'java/lang/NullPointerException'{0x0000000754be8690}> (0x0000000754be8690) 
thrown [s\open\src\hotspot\share\interpreter\linkResolver.cpp, line 1373]
Event: 33276.230 Thread 0x000001e56a408d90 Exception <a 'java/lang/ClassNotFoundException'{0x0000000754bee1e8}: lPurchaseOrderFulfillmentDto> (0x0000000754bee1e8) 
thrown [s\open\src\hotspot\share\classfile\systemDictionary.cpp, line 305]
Event: 33277.252 Thread 0x000001e56a408d90 Exception <a 'java/lang/ClassNotFoundException'{0x0000000754beea68}: lPurchaseOrderFulfillmentDto> (0x0000000754beea68) 
thrown [s\open\src\hotspot\share\classfile\systemDictionary.cpp, line 305]
Event: 33277.769 Thread 0x000001e56a408d90 Exception <a 'java/lang/ClassNotFoundException'{0x0000000754bef2e8}: lPurchaseOrderFulfillmentDto> (0x0000000754bef2e8) 
thrown [s\open\src\hotspot\share\classfile\systemDictionary.cpp, line 305]
Event: 33278.189 Thread 0x000001e56a408d90 Exception <a 'java/lang/ClassNotFoundException'{0x0000000754befb68}: lPurchaseOrderFulfillmentDto> (0x0000000754befb68) 
thrown [s\open\src\hotspot\share\classfile\systemDictionary.cpp, line 305]
Event: 33323.394 Thread 0x000001e56a409830 Exception <a 'java/lang/NullPointerException'{0x00000007534ebf30}> (0x00000007534ebf30) 
thrown [s\open\src\hotspot\share\interpreter\linkResolver.cpp, line 1373]
Event: 33480.351 Thread 0x000001e571a95900 Implicit null exception at 0x000001e5556d4e1f to 0x000001e5556d8534
Event: 33484.950 Thread 0x000001e571a988d0 Exception <a 'java/lang/InterruptedException'{0x0000000750c780f0}: sleep interrupted> (0x0000000750c780f0) 
thrown [s\open\src\hotspot\share\prims\jvm.cpp, line 3086]

VM Operations (20 events):
Event: 33481.367 Executing VM operation: ChangeBreakpoints done
Event: 33481.367 Executing VM operation: ChangeBreakpoints
Event: 33481.369 Executing VM operation: ChangeBreakpoints done
Event: 33481.370 Executing VM operation: ChangeBreakpoints
Event: 33481.373 Executing VM operation: ChangeBreakpoints done
Event: 33481.374 Executing VM operation: ChangeBreakpoints
Event: 33481.377 Executing VM operation: ChangeBreakpoints done
Event: 33481.378 Executing VM operation: ChangeBreakpoints
Event: 33481.381 Executing VM operation: ChangeBreakpoints done
Event: 33481.382 Executing VM operation: ChangeBreakpoints
Event: 33481.385 Executing VM operation: ChangeBreakpoints done
Event: 33481.385 Executing VM operation: ChangeBreakpoints
Event: 33481.389 Executing VM operation: ChangeBreakpoints done
Event: 33481.389 Executing VM operation: ChangeBreakpoints
Event: 33481.393 Executing VM operation: ChangeBreakpoints done
Event: 33482.156 Executing VM operation: ChangeSingleStep
Event: 33482.156 Executing VM operation: ChangeSingleStep done
Event: 33482.157 Executing VM operation: ChangeSingleStep
Event: 33482.157 Executing VM operation: ChangeSingleStep done
Event: 33484.971 Executing VM operation: G1CollectFull

Events (20 events):
Event: 33477.612 Thread 0x000001e571a98e20 Thread exited: 0x000001e571a98e20
Event: 33477.634 Thread 0x000001e56a40cd50 Thread exited: 0x000001e56a40cd50
Event: 33479.946 Thread 0x000001e56a40c800 Thread exited: 0x000001e56a40c800
Event: 33479.946 Thread 0x000001e571a998c0 Thread exited: 0x000001e571a998c0
Event: 33479.946 Thread 0x000001e571a93920 Thread exited: 0x000001e571a93920
Event: 33479.946 Thread 0x000001e56a40c2b0 Thread exited: 0x000001e56a40c2b0
Event: 33479.946 Thread 0x000001e56a40a820 Thread exited: 0x000001e56a40a820
Event: 33479.947 Thread 0x000001e571a94910 Thread exited: 0x000001e571a94910
Event: 33479.947 Thread 0x000001e571a933d0 Thread exited: 0x000001e571a933d0
Event: 33479.947 Thread 0x000001e571a92e80 Thread exited: 0x000001e571a92e80
Event: 33479.948 Thread 0x000001e56a408d90 Thread exited: 0x000001e56a408d90
Event: 33479.948 Thread 0x000001e571a943c0 Thread exited: 0x000001e571a943c0
Event: 33484.950 Thread 0x000001e571a9a8b0 Thread exited: 0x000001e571a9a8b0
Event: 33484.950 Thread 0x000001e571a988d0 Thread exited: 0x000001e571a988d0
Event: 33484.950 Thread 0x000001e571a95900 Thread exited: 0x000001e571a95900
Event: 33484.956 Thread 0x000001e56b6aa250 Thread added: 0x000001e56b6aa250
Event: 33484.956 Thread 0x000001e571a93e70 Thread exited: 0x000001e571a93e70
Event: 33484.963 Thread 0x000001e56b6aa7a0 Thread added: 0x000001e56b6aa7a0
Event: 33484.968 Thread 0x000001e56b6aa7a0 Thread exited: 0x000001e56b6aa7a0
Event: 33484.968 Thread 0x000001e56b6aa250 Thread exited: 0x000001e56b6aa250


Dynamic libraries:
0x00007ff67b0f0000 - 0x00007ff67b100000 	C:\Program Files\Java\jdk-20\bin\java.exe
0x00007ffe0d9b0000 - 0x00007ffe0dbc7000 	C:\Windows\SYSTEM32\ntdll.dll
0x00007ffe0cc70000 - 0x00007ffe0cd34000 	C:\Windows\System32\KERNEL32.DLL
0x00007ffe0acd0000 - 0x00007ffe0b07d000 	C:\Windows\System32\KERNELBASE.dll
0x00007ffe0b290000 - 0x00007ffe0b3a1000 	C:\Windows\System32\ucrtbase.dll
0x00007ffdeb300000 - 0x00007ffdeb319000 	C:\Program Files\Java\jdk-20\bin\jli.dll
0x00007ffe04630000 - 0x00007ffe0464b000 	C:\Program Files\Java\jdk-20\bin\VCRUNTIME140.dll
0x00007ffe0b840000 - 0x00007ffe0b8f2000 	C:\Windows\System32\ADVAPI32.dll
0x00007ffe0b6e0000 - 0x00007ffe0b787000 	C:\Windows\System32\msvcrt.dll
0x00007ffe0c750000 - 0x00007ffe0c7f9000 	C:\Windows\System32\sechost.dll
0x00007ffe0b610000 - 0x00007ffe0b638000 	C:\Windows\System32\bcrypt.dll
0x00007ffe0d110000 - 0x00007ffe0d224000 	C:\Windows\System32\RPCRT4.dll
0x00007ffe0c200000 - 0x00007ffe0c3ae000 	C:\Windows\System32\USER32.dll
0x00007ffe0b6b0000 - 0x00007ffe0b6d6000 	C:\Windows\System32\win32u.dll
0x00007ffe0c3b0000 - 0x00007ffe0c3d9000 	C:\Windows\System32\GDI32.dll
0x00007ffe0b4f0000 - 0x00007ffe0b609000 	C:\Windows\System32\gdi32full.dll
0x00007ffdeb3d0000 - 0x00007ffdeb663000 	C:\Windows\WinSxS\amd64_microsoft.windows.common-controls_6595b64144ccf1df_6.0.22621.3672_none_2713b9d173822955\COMCTL32.dll
0x00007ffe0b1f0000 - 0x00007ffe0b28a000 	C:\Windows\System32\msvcp_win.dll
0x00007ffdf4560000 - 0x00007ffdf456a000 	C:\Windows\SYSTEM32\VERSION.dll
0x00007ffe0c710000 - 0x00007ffe0c741000 	C:\Windows\System32\IMM32.DLL
0x00007ffe078b0000 - 0x00007ffe078bc000 	C:\Program Files\Java\jdk-20\bin\vcruntime140_1.dll
0x00007ffdc9f40000 - 0x00007ffdc9fce000 	C:\Program Files\Java\jdk-20\bin\msvcp140.dll
0x00007ffd808a0000 - 0x00007ffd81538000 	C:\Program Files\Java\jdk-20\bin\server\jvm.dll
0x00007ffde5980000 - 0x00007ffde5989000 	C:\Windows\SYSTEM32\WSOCK32.dll
0x00007ffe01970000 - 0x00007ffe019a4000 	C:\Windows\SYSTEM32\WINMM.dll
0x00007ffe0cbf0000 - 0x00007ffe0cc61000 	C:\Windows\System32\WS2_32.dll
0x00007ffe09cd0000 - 0x00007ffe09ce8000 	C:\Windows\SYSTEM32\kernel.appcore.dll
0x00007ffe07890000 - 0x00007ffe0789a000 	C:\Program Files\Java\jdk-20\bin\jimage.dll
0x00007ffe08750000 - 0x00007ffe08982000 	C:\Windows\SYSTEM32\DBGHELP.DLL
0x00007ffe0c860000 - 0x00007ffe0cbed000 	C:\Windows\System32\combase.dll
0x00007ffe0c400000 - 0x00007ffe0c4d7000 	C:\Windows\System32\OLEAUT32.dll
0x00007ffde01a0000 - 0x00007ffde01d2000 	C:\Windows\SYSTEM32\dbgcore.DLL
0x00007ffe0b3b0000 - 0x00007ffe0b42b000 	C:\Windows\System32\bcryptPrimitives.dll
0x00007ffde2240000 - 0x00007ffde227c000 	C:\Program Files\Java\jdk-20\bin\jdwp.dll
0x00007ffe02550000 - 0x00007ffe02576000 	C:\Program Files\Java\jdk-20\bin\java.dll
0x00007ffda60b0000 - 0x00007ffda6187000 	C:\Program Files\Java\jdk-20\bin\jsvml.dll
0x00007ffe0b990000 - 0x00007ffe0c1f8000 	C:\Windows\System32\SHELL32.dll
0x00007ffe08bd0000 - 0x00007ffe094ce000 	C:\Windows\SYSTEM32\windows.storage.dll
0x00007ffe08a90000 - 0x00007ffe08bcf000 	C:\Windows\SYSTEM32\wintypes.dll
0x00007ffe0cd90000 - 0x00007ffe0ce89000 	C:\Windows\System32\SHCORE.dll
0x00007ffe0c4e0000 - 0x00007ffe0c53e000 	C:\Windows\System32\shlwapi.dll
0x00007ffe0ac00000 - 0x00007ffe0ac21000 	C:\Windows\SYSTEM32\profapi.dll
0x00007ffe046f0000 - 0x00007ffe046fc000 	C:\Program Files\Java\jdk-20\bin\dt_socket.dll
0x00007ffe09730000 - 0x00007ffe0975d000 	C:\Windows\SYSTEM32\IPHLPAPI.DLL
0x00007ffe0a150000 - 0x00007ffe0a1b9000 	C:\Windows\system32\mswsock.dll
0x00007ffe01700000 - 0x00007ffe01713000 	C:\Program Files\Java\jdk-20\bin\net.dll
0x00007ffe073a0000 - 0x00007ffe074d6000 	C:\Windows\SYSTEM32\WINHTTP.dll
0x00007ffe01670000 - 0x00007ffe01686000 	C:\Program Files\Java\jdk-20\bin\nio.dll
0x00007ffe01370000 - 0x00007ffe01388000 	C:\Program Files\Java\jdk-20\bin\zip.dll
0x00007ffe01840000 - 0x00007ffe0184a000 	C:\Program Files\Java\jdk-20\bin\management.dll
0x00007ffe01820000 - 0x00007ffe0182b000 	C:\Program Files\Java\jdk-20\bin\management_ext.dll
0x00007ffe0d310000 - 0x00007ffe0d318000 	C:\Windows\System32\PSAPI.DLL
0x00007ffe0a3d0000 - 0x00007ffe0a3eb000 	C:\Windows\SYSTEM32\CRYPTSP.dll
0x00007ffe09c30000 - 0x00007ffe09c65000 	C:\Windows\system32\rsaenh.dll
0x00007ffe0a270000 - 0x00007ffe0a298000 	C:\Windows\SYSTEM32\USERENV.dll
0x00007ffe0a3f0000 - 0x00007ffe0a3fc000 	C:\Windows\SYSTEM32\CRYPTBASE.dll
0x00007ffe0c700000 - 0x00007ffe0c709000 	C:\Windows\System32\NSI.dll
0x00007ffe04c40000 - 0x00007ffe04c59000 	C:\Windows\SYSTEM32\dhcpcsvc6.DLL
0x00007ffe04c20000 - 0x00007ffe04c3f000 	C:\Windows\SYSTEM32\dhcpcsvc.DLL
0x00007ffe097a0000 - 0x00007ffe09898000 	C:\Windows\SYSTEM32\DNSAPI.dll
0x00007ffdfc9a0000 - 0x00007ffdfc9ae000 	C:\Program Files\Java\jdk-20\bin\sunmscapi.dll
0x00007ffe0b080000 - 0x00007ffe0b1e7000 	C:\Windows\System32\CRYPT32.dll
0x00007ffe0a570000 - 0x00007ffe0a59e000 	C:\Windows\SYSTEM32\ncrypt.dll
0x00007ffe0a530000 - 0x00007ffe0a567000 	C:\Windows\SYSTEM32\NTASN1.dll
0x00007ffe04620000 - 0x00007ffe04630000 	C:\Program Files\Java\jdk-20\bin\verify.dll
0x00007ffe019b0000 - 0x00007ffe019ba000 	C:\Windows\System32\rasadhlp.dll
0x00007ffe01c30000 - 0x00007ffe01cb3000 	C:\Windows\System32\fwpuclnt.dll
0x00007ffe02480000 - 0x00007ffe02487000 	C:\Program Files\Java\jdk-20\bin\extnet.dll
0x00007ffde01e0000 - 0x00007ffde01e8000 	C:\Windows\system32\wshunix.dll

dbghelp: loaded successfully - version: 4.0.5 - missing functions: none
symbol engine: initialized successfully - sym options: 0x614 - pdb path: .;C:\Program Files\Java\jdk-20\bin;C:\Windows\SYSTEM32;C:\Windows\WinSxS\amd64_microsoft.windows.common-controls_6595b64144ccf1df_6.0.22621.3672_none_2713b9d173822955;C:\Program Files\Java\jdk-20\bin\server

VM Arguments:
jvm_args: -agentlib:jdwp=transport=dt_socket,server=n,address=59094 
java_command: com.aza.api.ApiApplication
java_class_path (initial): C:\BSmart\Aza\api\target\classes;C:\Users\jaime\.m2\repository\org\springframework\boot\spring-boot-starter-data-jpa\3.1.6\spring-boot-starter-data-jpa-3.1.6.jar;C:\Users\jaime\.m2\repository\org\springframework\boot\spring-boot-starter-aop\3.1.6\spring-boot-starter-aop-3.1.6.jar;C:\Users\jaime\.m2\repository\org\aspectj\aspectjweaver\1.9.20.1\aspectjweaver-1.9.20.1.jar;C:\Users\jaime\.m2\repository\org\springframework\boot\spring-boot-starter-jdbc\3.1.6\spring-boot-starter-jdbc-3.1.6.jar;C:\Users\jaime\.m2\repository\com\zaxxer\HikariCP\5.0.1\HikariCP-5.0.1.jar;C:\Users\jaime\.m2\repository\org\springframework\spring-jdbc\6.0.14\spring-jdbc-6.0.14.jar;C:\Users\jaime\.m2\repository\org\hibernate\orm\hibernate-core\6.2.13.Final\hibernate-core-6.2.13.Final.jar;C:\Users\jaime\.m2\repository\jakarta\persistence\jakarta.persistence-api\3.1.0\jakarta.persistence-api-3.1.0.jar;C:\Users\jaime\.m2\repository\jakarta\transaction\jakarta.transaction-api\2.0.1\jakarta.transaction-api-2.0.1.jar;C:\Users\jaime\.m2\repository\org\jboss\logging\jboss-logging\3.5.3.Final\jboss-logging-3.5.3.Final.jar;C:\Users\jaime\.m2\repository\org\hibernate\common\hibernate-commons-annotations\6.0.6.Final\hibernate-commons-annotations-6.0.6.Final.jar;C:\Users\jaime\.m2\repository\io\smallrye\jandex\3.0.5\jandex-3.0.5.jar;C:\Users\jaime\.m2\repository\com\fasterxml\classmate\1.5.1\classmate-1.5.1.jar;C:\Users\jaime\.m2\repository\net\bytebuddy\byte-buddy\1.14.10\byte-buddy-1.14.10.jar;C:\Users\jaime\.m2\repository\org\glassfish\jaxb\jaxb-runtime\4.0.4\jaxb-runtime-4.0.4.jar;C:\Users\jaime\.m2\repository\org\glassfish\jaxb\jaxb-core\4.0.4\jaxb-core-4.0.4.jar;C:\Users\jaime\.m2\repository\org\glassfish\jaxb\txw2\4.0.4\txw2-4.0.4.jar;C:\Users\jaime\.m2\repository\com\sun\istack\istack-commons-runtime\4.1.2\istack-commons-runtime-4.1.2.jar;C:\Users\jaime\.m2\repository\jakarta\inject\jakarta.inject-api\2.0.1\jakarta.inject-api-2.0.1.jar;C:\Users\jaime\.m2\repository\org\antlr\antlr4-runtime\4.10.1\antlr4-runtime-4.10.1.jar;C:\Users\jaime\.m2\repository\org\springframework\data\spring-data-jpa\3.1.6\spring-data-jpa-3.1.6.jar;C:\Users\jaime\.m2\repository\org\springframework\data\spring-data-commons\3.1.6\spring-data-commons-3.1.6.jar;C:\Users\jaime\.m2\repository\org\springframework\spring-orm\6.0.14\spring-orm-6.0.14.jar;C:\Users\jaime\.m2\repository\org\springframework\spring-context\6.0.14\spring-context-6.0.14.jar;C:\Users\jaime\.m2\repository\org\springframework\spring-tx\6.0.14\spring-tx-6.0.14.jar;C:\Users\jaime\.m2\repository\org\springframework\spring-beans\6.0.14\spring-beans-6.0.14.jar;C:\Users\jaime\.m2\repository\jakarta\annotation\jakarta.annotation-api\2.1.1\jakarta.annotation-api-2.1.1.jar;C:\Users\jaime\.m2\repository\org\slf4j\slf4j-api\2.0.9\slf4j-api-2.0.9.jar;C:\Users\jaime\.m2\repository\org\springframework\spring-aspects\6.0.14\spring-aspects-6.0.14.jar;C:\Users\jaime\.m2\repository\org\springframework\boot\spring-boot-starter-security\3.1.6\spring-boot-starter-security-3.1.6.jar;C:\Users\jaime\.m2\repository\org\springframework\boot\spring-boot-starter\3.1.6\spring-boot-starter-3.1.6.jar;C:\Users\jaime\.m2\repository\org\springframework\boot\spring-boot-starter-logging\3.1.6\spring-boot-starter-logging-3.1.6.jar;C:\Users\jaime\.m2\repository\ch\qos\logback\logback-classic\1.4.11\logback-classic-1.4.11.jar;C:\Users\jaime\.m2\repository\ch\qos\logback\logback-core\1.4.11\logback-core-1.4.11.jar;C:\Users\jaime\.m2\repository\org\apache\logging\log4j\log4j-to-slf4j\2.20.0\log4j-to-slf4j-2.20.0.jar;C:\Users\jaime\.m2\repository\org\apache\logging\log4j\log4j-api\2.20.0\log4j-api-2.20.0.jar;C:\Users\jaime\.m2\repository\org\slf4j\jul-to-slf4j\2.0.9\jul-to-slf4j-2.0.9.jar;C:\Users\jaime\.m2\repository\org\yaml\snakeyaml\1.33\snakeyaml-1.33.jar;C:\Users\jaime\.m2\repository\org\springframework\spring-aop\6.0.14\spring-aop-6.0.14.jar;C:\Users\jaime\.m2\repository\org\springframework\security\spring-security-config\6.1.5\spring-security-config-6.1.5.jar;C:\Users\jaime\.m2\repository\org\springframework\security\spring-security-web\6.1.5\spring-security-web-6.1.5.jar;C:\Users\jaime\.m2\repository\org\springframework\spring-expression\6.0.14\spring-expression-6.0.14.jar;C:\Users\jaime\.m2\repository\org\springframework\boot\spring-boot-starter-web\3.1.6\spring-boot-starter-web-3.1.6.jar;C:\Users\jaime\.m2\repository\org\springframework\boot\spring-boot-starter-json\3.1.6\spring-boot-starter-json-3.1.6.jar;C:\Users\jaime\.m2\repository\com\fasterxml\jackson\datatype\jackson-datatype-jdk8\2.15.3\jackson-datatype-jdk8-2.15.3.jar;C:\Users\jaime\.m2\repository\com\fasterxml\jackson\datatype\jackson-datatype-jsr310\2.15.3\jackson-datatype-jsr310-2.15.3.jar;C:\Users\jaime\.m2\repository\com\fasterxml\jackson\module\jackson-module-parameter-names\2.15.3\jackson-module-parameter-names-2.15.3.jar;C:\Users\jaime\.m2\repository\org\springframework\boot\spring-boot-starter-tomcat\3.1.6\spring-boot-starter-tomcat-3.1.6.jar;C:\Users\jaime\.m2\repository\org\apache\tomcat\embed\tomcat-embed-core\10.1.16\tomcat-embed-core-10.1.16.jar;C:\Users\jaime\.m2\repository\org\apache\tomcat\embed\tomcat-embed-el\10.1.16\tomcat-embed-el-10.1.16.jar;C:\Users\jaime\.m2\repository\org\apache\tomcat\embed\tomcat-embed-websocket\10.1.16\tomcat-embed-websocket-10.1.16.jar;C:\Users\jaime\.m2\repository\org\springframework\spring-web\6.0.14\spring-web-6.0.14.jar;C:\Users\jaime\.m2\repository\io\micrometer\micrometer-observation\1.11.6\micrometer-observation-1.11.6.jar;C:\Users\jaime\.m2\repository\io\micrometer\micrometer-commons\1.11.6\micrometer-commons-1.11.6.jar;C:\Users\jaime\.m2\repository\org\springframework\spring-webmvc\6.0.14\spring-webmvc-6.0.14.jar;C:\Users\jaime\.m2\repository\org\springframework\boot\spring-boot-devtools\3.1.6\spring-boot-devtools-3.1.6.jar;C:\Users\jaime\.m2\repository\org\springframework\boot\spring-boot\3.1.6\spring-boot-3.1.6.jar;C:\Users\jaime\.m2\repository\org\springframework\boot\spring-boot-autoconfigure\3.1.6\spring-boot-autoconfigure-3.1.6.jar;C:\Users\jaime\.m2\repository\com\mysql\mysql-connector-j\8.0.33\mysql-connector-j-8.0.33.jar;C:\Users\jaime\.m2\repository\org\postgresql\postgresql\42.6.0\postgresql-42.6.0.jar;C:\Users\jaime\.m2\repository\org\checkerframework\checker-qual\3.31.0\checker-qual-3.31.0.jar;C:\Users\jaime\.m2\repository\org\projectlombok\lombok\1.18.30\lombok-1.18.30.jar;C:\Users\jaime\.m2\repository\jakarta\xml\bind\jakarta.xml.bind-api\4.0.1\jakarta.xml.bind-api-4.0.1.jar;C:\Users\jaime\.m2\repository\jakarta\activation\jakarta.activation-api\2.1.2\jakarta.activation-api-2.1.2.jar;C:\Users\jaime\.m2\repository\org\springframework\spring-core\6.0.14\spring-core-6.0.14.jar;C:\Users\jaime\.m2\repository\org\springframework\spring-jcl\6.0.14\spring-jcl-6.0.14.jar;C:\Users\jaime\.m2\repository\org\springframework\security\spring-security-core\6.1.5\spring-security-core-6.1.5.jar;C:\Users\jaime\.m2\repository\org\springframework\security\spring-security-crypto\6.1.5\spring-security-crypto-6.1.5.jar;C:\Users\jaime\.m2\repository\io\jsonwebtoken\jjwt-api\0.12.3\jjwt-api-0.12.3.jar;C:\Users\jaime\.m2\repository\io\jsonwebtoken\jjwt-impl\0.12.3\jjwt-impl-0.12.3.jar;C:\Users\jaime\.m2\repository\io\jsonwebtoken\jjwt-jackson\0.12.3\jjwt-jackson-0.12.3.jar;C:\Users\jaime\.m2\repository\com\fasterxml\jackson\core\jackson-databind\2.15.3\jackson-databind-2.15.3.jar;C:\Users\jaime\.m2\repository\com\fasterxml\jackson\core\jackson-annotations\2.15.3\jackson-annotations-2.15.3.jar;C:\Users\jaime\.m2\repository\com\fasterxml\jackson\core\jackson-core\2.15.3\jackson-core-2.15.3.jar;C:\Users\jaime\.m2\repository\org\springframework\boot\spring-boot-starter-mail\3.1.6\spring-boot-starter-mail-3.1.6.jar;C:\Users\jaime\.m2\repository\org\springframework\spring-context-support\6.0.14\spring-context-support-6.0.14.jar;C:\Users\jaime\.m2\repository\org\eclipse\angus\jakarta.mail\1.1.0\jakarta.mail-1.1.0.jar;C:\Users\jaime\.m2\repository\org\eclipse\angus\angus-activation\2.0.1\angus-activation-2.0.1.jar
Launcher Type: SUN_STANDARD

[Global flags]
     intx CICompilerCount                          = 4                                         {product} {ergonomic}
     uint ConcGCThreads                            = 3                                         {product} {ergonomic}
     uint G1ConcRefinementThreads                  = 10                                        {product} {ergonomic}
   size_t G1HeapRegionSize                         = 2097152                                   {product} {ergonomic}
    uintx GCDrainStackTargetSize                   = 64                                        {product} {ergonomic}
   size_t InitialHeapSize                          = 197132288                                 {product} {ergonomic}
   size_t MarkStackSize                            = 4194304                                   {product} {ergonomic}
   size_t MaxHeapSize                              = 3145728000                                {product} {ergonomic}
   size_t MaxNewSize                               = 1887436800                                {product} {ergonomic}
   size_t MinHeapDeltaBytes                        = 2097152                                   {product} {ergonomic}
   size_t MinHeapSize                              = 8388608                                   {product} {ergonomic}
    uintx NonNMethodCodeHeapSize                   = 5839372                                {pd product} {ergonomic}
    uintx NonProfiledCodeHeapSize                  = 122909434                              {pd product} {ergonomic}
    uintx ProfiledCodeHeapSize                     = 122909434                              {pd product} {ergonomic}
    uintx ReservedCodeCacheSize                    = 251658240                              {pd product} {ergonomic}
     bool SegmentedCodeCache                       = true                                      {product} {ergonomic}
   size_t SoftMaxHeapSize                          = 3145728000                             {manageable} {ergonomic}
     bool UseCompressedClassPointers               = true                           {product lp64_product} {ergonomic}
     bool UseCompressedOops                        = true                           {product lp64_product} {ergonomic}
     bool UseG1GC                                  = true                                      {product} {ergonomic}
     bool UseLargePagesIndividualAllocation        = false                                  {pd product} {ergonomic}

Logging:
Log output configuration:
 #0: stdout all=warning uptime,level,tags foldmultilines=false
 #1: stderr all=off uptime,level,tags foldmultilines=false

Environment Variables:
JAVA_HOME=C:\Program Files\Java\jdk-20
PATH=C:\Program Files\Zulu\zulu-17-jre\bin\;C:\Python312\Scripts\;C:\Python312\;C:\Program Files\Common Files\Oracle\Java\javapath;C:\Program Files (x86)\Common Files\Oracle\Java\javapath;C:\Windows\system32;C:\Windows;C:\Windows\System32\Wbem;C:\Windows\System32\WindowsPowerShell\v1.0\;C:\Windows\System32\OpenSSH\;C:\Program Files\nodejs\;C:\ProgramData\chocolatey\bin;;C:\Program Files\Docker\Docker\resources\bin;C:\Program Files\PuTTY\;C:\Users\jaime\AppData\Local\Microsoft\WindowsApps;C:\Users\jaime\AppData\Roaming\npm;C:\Users\jaime\AppData\Local\Programs\Microsoft VS Code\bin
USERNAME=jaime
OS=Windows_NT
PROCESSOR_IDENTIFIER=Intel64 Family 6 Model 154 Stepping 4, GenuineIntel
TMP=C:\Users\jaime\AppData\Local\Temp
TEMP=C:\Users\jaime\AppData\Local\Temp




---------------  S Y S T E M  ---------------

OS:
 Windows 11 , 64 bit Build 22621 (10.0.22621.3958)
OS uptime: 11 days 15:27 hours
Hyper-V role detected

CPU: total 12 (initial active 12) (6 cores per cpu, 2 threads per core) family 6 model 154 stepping 4 microcode 0x423, cx8, cmov, fxsr, ht, mmx, 3dnowpref, sse, sse2, sse3, ssse3, sse4.1, sse4.2, popcnt, lzcnt, tsc, tscinvbit, avx, avx2, aes, erms, clmul, bmi1, bmi2, adx, sha, fma, vzeroupper, clflush, clflushopt, clwb, hv, serialize, rdtscp, rdpid, fsrm, f16c, cet_ibt, cet_ss

Memory: 4k page, system-wide physical 11992M (751M free)
TotalPageFile size 33545M (AvailPageFile size 4931M)
current process WorkingSet (physical memory assigned to process): 543M, peak: 666M
current process commit charge ("private bytes"): 771M, peak: 771M

vm_info: Java HotSpot(TM) 64-Bit Server VM (20.0.2+9-78) for windows-amd64 JRE (20.0.2+9-78), built on 2023-06-14T10:08:48Z by "mach5one" with MS VC++ 17.1 (VS2022)

END.
